ID,type,age_bin,split
230218a1,BCLM,40-55,train
230218a10,BCLM,<40,test
230218a2,BCLM,40-55,test
230218a3,BCLM,40-55,train
230218a4,BCLM,40-55,test
230218a5,BCLM,<40,train
230218a6,BCLM,55-70,train
230218a7,BCLM,55-70,train
230218a8,BCLM,<40,train
230218a9,BCLM,40-55,val
230218b1,HCC,55-70,train
230218b10,HCC,55-70,val
230218b2,HCC,40-55,test
230218b3,HCC,40-55,train
230218b4,HCC,55-70,val
230218b5,HCC,55-70,train
230218b6,HCC,70+,test
230218b7,HCC,70+,train
230218b8,HCC,55-70,test
230218b9,HCC,70+,train
230218c1,HH,<40,train
230218c10,HH,<40,train
230218c3,HH,40-55,train
230218c4,HH,55-70,test
230218c5,HH,<40,train
230218c6,HH,40-55,val
230218c7,HH,40-55,train
230218c8,HH,40-55,test
230312a1,BCLM,70+,train
230312a10,BCLM,<40,test
230312a11,BCLM,40-55,val
230312a12,BCLM,55-70,train
230312a13,BCLM,55-70,train
230312a14,BCLM,40-55,train
230312a15,BCLM,<40,val
230312a2,BCLM,40-55,val
230312a3,BCLM,40-55,train
230312a4,BCLM,<40,train
230312a5,BCLM,<40,train
230312a6,BCLM,40-55,train
230312a7,BCLM,40-55,test
230312a8,BCLM,40-55,train
230312a9,BCLM,<40,train
230408a1,BCLM,55-70,train
230408a11,BCLM,<40,train
230408a12,BCLM,40-55,train
230408a13,BCLM,40-55,train
230408a3,BCLM,<40,train
230408a4,BCLM,55-70,train
230408a5,BCLM,55-70,test
230408a6,BCLM,<40,train
230408a7,BCLM,55-70,val
230408a8,BCLM,55-70,train
230408a9,BCLM,40-55,train
230525a1,BCLM,55-70,train
230525a2,BCLM,40-55,train
230525a3,BCLM,55-70,val
230525a4,BCLM,40-55,val
230525a5,BCLM,55-70,train
230525b1,HCC,55-70,test
230525b10,HCC,55-70,train
230525b2,HCC,55-70,train
230525b3,HCC,55-70,train
230525b4,HCC,55-70,train
230525b5,HCC,55-70,train
230525b6,HCC,70+,val
230525b7,HCC,55-70,val
230525b8,HCC,70+,train
230525b9,HCC,70+,train
230525c1,HH,<40,train
230525c10,HH,<40,train
230525c2,HH,<40,train
230525c3,HH,<40,train
230525c4,HH,<40,train
230525c5,HH,40-55,train
230525c7,HH,55-70,train
230525c8,HH,40-55,train
230525c9,HH,40-55,train
230525d1,ICC,55-70,train
230525d10,ICC,55-70,val
230525d2,ICC,40-55,train
230525d3,ICC,55-70,test
230525d4,ICC,40-55,train
230525d5,ICC,55-70,train
230525d6,ICC,55-70,train
230525d7,ICC,55-70,test
230525d8,ICC,40-55,train
230525d9,ICC,40-55,val
230816b01,HCC,55-70,train
230816b02,HCC,55-70,train
230816b03,HCC,55-70,train
230816b04,HCC,40-55,test
230816b05,HCC,55-70,train
230816b06,HCC,70+,train
230816b07,HCC,55-70,test
230816b08,HCC,55-70,train
230816b09,HCC,55-70,test
230816b10,HCC,55-70,train
230816b11,HCC,40-55,train
230816b12,HCC,55-70,train
230816b13,HCC,40-55,train
230816b14,HCC,40-55,train
230816b15,HCC,70+,train
230906d01,ICC,40-55,val
230906d02,ICC,70+,train
230906d03,ICC,55-70,train
230906d04,ICC,55-70,test
230906d05,ICC,55-70,train
230906d06,ICC,70+,train
230906d07,ICC,55-70,train
230906d08,ICC,40-55,train
230906d09,ICC,70+,train
230906d10,ICC,70+,train
230906d11,ICC,70+,val
230906d12,ICC,40-55,test
230906d13,ICC,40-55,train
230906d14,ICC,40-55,train
230906d15,ICC,<40,train
231025c01,HH,<40,train
231025c02,HH,<40,val
231025c03,HH,40-55,train
231025c04,HH,<40,val
231025c05,HH,40-55,train
231025c06,HH,<40,test
231025c07,HH,<40,train
231025c08,HH,<40,train
231025c09,HH,40-55,train
231025c10,HH,40-55,train
231025c11,HH,40-55,train
231025c12,HH,40-55,val
231025c13,HH,40-55,test
231025c14,HH,40-55,test
231025c15,HH,55-70,train
231025c16,HH,40-55,val
231025c17,HH,40-55,train
231025c18,HH,<40,train
231025c19,HH,40-55,train
231025c20,HH,<40,train
231025c21,HH,55-70,test
231025c22,HH,55-70,train
231025c23,HH,40-55,test
231025c24,HH,55-70,train
231025c25,HH,55-70,train
231025c26,HH,55-70,val
231025c27,HH,40-55,train
231025c28,HH,<40,train
231025c29,HH,40-55,train
231025c30,HH,<40,train
231025c31,HH,40-55,train
231025c32,HH,<40,train
231025c33,HH,<40,train
231025c34,HH,40-55,train
231025c35,HH,<40,val
231109b01,HCC,40-55,train
231109b02,HCC,55-70,test
231109b03,HCC,55-70,train
231109b04,HCC,55-70,test
231109b05,HCC,40-55,train
231109b06,HCC,<40,val
231109b07,HCC,70+,test
231109b08,HCC,70+,test
231109b09,HCC,55-70,train
231109b10,HCC,40-55,train
231109b11,HCC,55-70,test
231109b12,HCC,55-70,train
231109b13,HCC,<40,train
231109b14,HCC,55-70,train
231109b15,HCC,55-70,train
231109b16,HCC,55-70,train
231109b17,HCC,55-70,train
231109b18,HCC,40-55,train
231109b19,HCC,40-55,train
231206d01,ICC,40-55,train
231206d02,ICC,40-55,test
231206d03,ICC,40-55,train
231206d04,ICC,55-70,train
231206d05,ICC,40-55,train
231206d06,ICC,55-70,train
231206d07,ICC,40-55,train
231206d08,ICC,55-70,train
231206d09,ICC,40-55,test
231206d10,ICC,55-70,train
231206d12,ICC,55-70,test
231206d13,ICC,55-70,train
231206d14,ICC,40-55,train
231206d15,ICC,40-55,train
231206d16,ICC,55-70,train
231206d18,ICC,40-55,train
231206d19,ICC,40-55,train
231206d20,ICC,70+,val
240112d11,ICC,55-70,train
240112d17,ICC,55-70,train
240112d21,ICC,70+,val
240112d23,ICC,55-70,train
240112d24,ICC,55-70,train
240112d25,ICC,<40,val
240112d26,ICC,55-70,val
240112d27,ICC,40-55,train
240112d28,ICC,55-70,test
240112d29,ICC,55-70,train
240112d30,ICC,40-55,train
240112d31,ICC,55-70,val
240112d32,ICC,55-70,train
240112d33,ICC,55-70,train
240112d34,ICC,70+,train
240112d35,ICC,70+,train
240112d36,ICC,70+,train
240112d37,ICC,55-70,val
240112d38,ICC,55-70,train
240112d39,ICC,55-70,train
240112d40,ICC,40-55,train
240112d41,ICC,40-55,train
240112d42,ICC,55-70,train
240112d43,ICC,40-55,val
240112d44,ICC,55-70,val
240122d22,ICC,55-70,test
240122d45,ICC,70+,train
240122d46,ICC,55-70,val
240122d47,ICC,55-70,train
240122d48,ICC,55-70,train
240122d49,ICC,40-55,train
240122d50,ICC,55-70,test
240122d51,ICC,55-70,train
240122d52,ICC,40-55,train
240122d53,ICC,55-70,train
240122d54,ICC,70+,train
240122d55,ICC,40-55,train
240122d56,ICC,70+,train
240122d57,ICC,40-55,test
240122d58,ICC,55-70,train
240122d59,ICC,40-55,test
240122d60,ICC,55-70,train
240122d61,ICC,55-70,train
240122d62,ICC,55-70,val
240122d63,ICC,40-55,train
240122d64,ICC,55-70,train
240122d65,ICC,55-70,test
240122d66,ICC,55-70,train
240122d67,ICC,70+,train
240122d68,ICC,55-70,train
240122d69,ICC,70+,test
240122d70,ICC,55-70,train
240122d71,ICC,55-70,train
240122d72,ICC,40-55,train
240122d73,ICC,40-55,val
240122d74,ICC,55-70,train
240122d75,ICC,70+,test
240229c01,HH,55-70,train
240229c02,HH,40-55,train
240229c03,HH,40-55,test
240229c04,HH,55-70,train
240229c05,HH,40-55,train
240229c06,HH,<40,val
240229c07,HH,<40,test
240229c08,HH,<40,train
240229c09,HH,<40,train
240229c10,HH,40-55,train
240229c11,HH,55-70,train
240229c12,HH,<40,val
240229c13,HH,<40,train
240229c14,HH,40-55,train
240229c15,HH,40-55,train
240229c16,HH,55-70,train
240229c17,HH,40-55,train
240229c18,HH,40-55,train
240229c19,HH,40-55,train
240229c20,HH,55-70,train
240229c22,HH,40-55,train
240229c23,HH,<40,test
240229c24,HH,<40,train
240229c25,HH,40-55,train
240229c26,HH,55-70,val
240229c27,HH,40-55,test
240229c28,HH,40-55,train
240229c29,HH,55-70,val
240229c30,HH,40-55,test
240229c31,HH,<40,train
240229c32,HH,<40,train
240229c33,HH,55-70,test
240229c34,HH,40-55,val
240229c35,HH,55-70,train
240229c36,HH,40-55,train
240229c37,HH,40-55,train
240229c38,HH,40-55,val
240229c39,HH,40-55,val
240229c40,HH,55-70,train
240229c41,HH,<40,val
240229c43,HH,40-55,train
240229c44,HH,55-70,train
240229c45,HH,40-55,train
240229c47,HH,40-55,test
240504a06,BCLM,40-55,train
240504a07,BCLM,55-70,train
240504a08,BCLM,40-55,train
240504a09,BCLM,70+,train
240504a10,BCLM,40-55,train
240504a11,BCLM,<40,train
240504a12,BCLM,55-70,train
240504a13,BCLM,55-70,train
240504a14,BCLM,40-55,train
240504a15,BCLM,40-55,train
240504b01,HCC,40-55,train
240504b02,HCC,40-55,train
240504b03,HCC,55-70,val
240504b04,HCC,40-55,val
240504b05,HCC,<40,train
240504b06,HCC,55-70,train
240504b07,HCC,<40,train
240504b08,HCC,40-55,val
240504b09,HCC,40-55,test
240504b10,HCC,55-70,val
240504b11,HCC,40-55,train
240504b12,HCC,55-70,train
240504b13,HCC,70+,train
240504b14,HCC,55-70,train
240504b15,HCC,40-55,test
240504b16,HCC,55-70,train
240504b17,HCC,55-70,val
240504b18,HCC,40-55,train
240504b19,HCC,<40,val
240504b20,HCC,55-70,train
240504b21,HCC,55-70,train
240504b22,HCC,70+,val
240504b23,HCC,40-55,train
240504b24,HCC,55-70,train
240504b25,HCC,55-70,train
240504b26,HCC,55-70,train
240504b27,HCC,40-55,train
240504b28,HCC,55-70,val
240504b29,HCC,55-70,train
240504b30,HCC,40-55,train
240504b31,HCC,40-55,test
240504b32,HCC,70+,train
240504b33,HCC,55-70,train
240504b34,HCC,40-55,train
240504b36,HCC,70+,train
240504b37,HCC,55-70,train
240504b38,HCC,70+,train
240504b39,HCC,<40,train
240504b40,HCC,55-70,train
240504b41,HCC,55-70,test
240504b42,HCC,55-70,val
240504b43,HCC,<40,train
240504b44,HCC,55-70,train
240504b45,HCC,40-55,val
240504b46,HCC,55-70,train
240504b47,HCC,55-70,train
240504b48,HCC,40-55,train
240504b49,HCC,55-70,train
240504b50,HCC,40-55,train
240504e01,CRLM,70+,train
240504e02,CRLM,55-70,train
240504e03,CRLM,40-55,train
240504e04,CRLM,55-70,train
240504e05,CRLM,55-70,train
240504e06,CRLM,55-70,train
240504e07,CRLM,70+,train
240504e08,CRLM,55-70,train
240504e09,CRLM,70+,train
240504e10,CRLM,40-55,train
240504e11,CRLM,40-55,train
240504e12,CRLM,<40,train
240504e13,CRLM,70+,train
240504e14,CRLM,<40,train
240504e15,CRLM,55-70,train
240504e16,CRLM,40-55,train
240504e17,CRLM,40-55,train
240504e18,CRLM,55-70,test
240504e19,CRLM,70+,train
240504e20,CRLM,70+,test
240504e21,CRLM,55-70,val
240504e22,CRLM,55-70,val
240504e23,CRLM,55-70,train
240504e24,CRLM,70+,val
240504e25,CRLM,70+,train
240504e26,CRLM,40-55,train
240504e27,CRLM,55-70,train
240504e28,CRLM,55-70,test
240504e29,CRLM,55-70,train
240504e30,CRLM,55-70,train
240504e31,CRLM,70+,train
240504e32,CRLM,40-55,test
240504e33,CRLM,70+,train
240504e34,CRLM,55-70,train
240504e35,CRLM,55-70,train
240504e36,CRLM,55-70,train
240504e38,CRLM,70+,test
240504e39,CRLM,70+,test
240504e40,CRLM,<40,train
240504e41,CRLM,70+,train
240504e42,CRLM,40-55,train
240504e43,CRLM,40-55,val
240504e44,CRLM,55-70,train
240504e45,CRLM,<40,train
240504e46,CRLM,55-70,train
240504e47,CRLM,40-55,train
240504e48,CRLM,55-70,train
240504e49,CRLM,40-55,val
240504e50,CRLM,55-70,train
240620a01,BCLM,55-70,train
240620a02,BCLM,55-70,train
240620a03,BCLM,70+,val
240620a04,BCLM,40-55,test
240620a05,BCLM,40-55,test
240620a06,BCLM,<40,train
240620a07,BCLM,55-70,train
240620a08,BCLM,40-55,train
240620a09,BCLM,40-55,test
240620a10,BCLM,40-55,test
240620a11,BCLM,55-70,test
240620a12,BCLM,40-55,train
240620a13,BCLM,40-55,train
240620a14,BCLM,40-55,train
240620a15,BCLM,55-70,train
240620a16,BCLM,70+,test
240620a17,BCLM,40-55,val
240620a18,BCLM,40-55,train
240620a19,BCLM,70+,train
240620a20,BCLM,40-55,train
240620a21,BCLM,70+,train
240620a22,BCLM,55-70,val
240620a23,BCLM,70+,val
240620a24,BCLM,70+,train
240620a25,BCLM,<40,val
240620a26,BCLM,40-55,train
240620a27,BCLM,55-70,train
240620a28,BCLM,55-70,val
240620a29,BCLM,40-55,train
240620a30,BCLM,55-70,val
240620a31,BCLM,55-70,train
240620a32,BCLM,40-55,val
240620a33,BCLM,40-55,train
240620a34,BCLM,55-70,test
240620a35,BCLM,70+,train
240620a36,BCLM,40-55,train
240620a37,BCLM,40-55,test
240620a38,BCLM,40-55,train
240620a39,BCLM,40-55,train
240620a40,BCLM,55-70,train
240620a41,BCLM,40-55,train
240620a42,BCLM,70+,train
240620a43,BCLM,40-55,train
240620a44,BCLM,40-55,train
240620a45,BCLM,55-70,test
240620a46,BCLM,55-70,train
240620a47,BCLM,<40,train
240620a48,BCLM,<40,val
240620a49,BCLM,40-55,val
240620a50,BCLM,40-55,train
240620a51,BCLM,<40,train
240620a52,BCLM,<40,train
240620a53,BCLM,55-70,train
240620a54,BCLM,55-70,train
240620a55,BCLM,40-55,train
240620a57,BCLM,55-70,train
240620a58,BCLM,55-70,test
240620a59,BCLM,40-55,train
240620a60,BCLM,40-55,val
240620a61,BCLM,40-55,test
240620a62,BCLM,40-55,train
240620a63,BCLM,40-55,train
240620a64,BCLM,55-70,train
240620a65,BCLM,40-55,train
240722e100,CRLM,40-55,val
240722e101,CRLM,55-70,train
240722e102,CRLM,40-55,train
240722e103,CRLM,40-55,test
240722e104,CRLM,40-55,train
240722e51,CRLM,40-55,train
240722e52,CRLM,55-70,val
240722e53,CRLM,55-70,val
240722e54,CRLM,55-70,val
240722e55,CRLM,70+,train
240722e56,CRLM,55-70,train
240722e57,CRLM,55-70,train
240722e58,CRLM,70+,train
240722e59,CRLM,55-70,test
240722e60,CRLM,55-70,val
240722e61,CRLM,<40,test
240722e62,CRLM,70+,train
240722e63,CRLM,55-70,train
240722e64,CRLM,55-70,train
240722e65,CRLM,55-70,train
240722e66,CRLM,40-55,train
240722e67,CRLM,55-70,train
240722e68,CRLM,55-70,test
240722e69,CRLM,55-70,val
240722e70,CRLM,55-70,test
240722e71,CRLM,55-70,train
240722e72,CRLM,55-70,val
240722e73,CRLM,55-70,train
240722e74,CRLM,40-55,train
240722e75,CRLM,40-55,test
240722e76,CRLM,40-55,train
240722e77,CRLM,55-70,test
240722e78,CRLM,55-70,train
240722e79,CRLM,55-70,test
240722e80,CRLM,70+,train
240722e81,CRLM,40-55,val
240722e82,CRLM,70+,train
240722e83,CRLM,55-70,train
240722e84,CRLM,70+,train
240722e85,CRLM,40-55,train
240722e86,CRLM,55-70,train
240722e87,CRLM,55-70,train
240722e88,CRLM,55-70,train
240722e89,CRLM,70+,test
240722e90,CRLM,40-55,test
240722e91,CRLM,55-70,train
240722e92,CRLM,40-55,train
240722e93,CRLM,55-70,train
240722e94,CRLM,55-70,train
240722e95,CRLM,70+,val
240722e96,CRLM,70+,val
240722e97,CRLM,55-70,train
240722e98,CRLM,70+,train
240722e99,CRLM,70+,train