run,case,fp,ref,fp_liver_slices,fp_adjacent_1_3,fp_far,n_components
e01_v1_liver,230218a10,30511,292910,9051,2527,18933,4
e01_v1_liver,230218a2,67481,697300,15823,6931,44727,8
e01_v1_liver,230218a4,84603,462185,10489,5669,68445,7
e01_v1_liver,230218b2,40320,541814,14240,4468,21612,3
e01_v1_liver,230218b6,19695,313729,7360,3567,8768,3
e01_v1_liver,230218b8,27178,454022,19951,0,7227,2
e01_v1_liver,230218c4,42480,545395,42022,458,0,3
e01_v1_liver,230218c8,37474,584144,22663,4754,10057,4
e01_v1_liver,230312a10,11278,448077,11278,0,0,1
e01_v1_liver,230312a7,58544,388601,12773,3243,42528,7
e01_v1_liver,230408a5,16288,308533,6952,1855,7481,4
e01_v1_liver,230525b1,23976,377563,19418,1280,3278,3
e01_v1_liver,230525d3,21407,335602,16531,2348,2528,3
e01_v1_liver,230525d7,22449,469665,10403,1314,10732,4
e01_v1_liver,230816b04,41248,501953,15424,6590,19234,6
e01_v1_liver,230816b07,30526,571349,15583,4937,10006,3
e01_v1_liver,230816b09,15643,466881,12857,2217,569,3
e01_v1_liver,230906d04,38549,519690,17297,2484,18768,12
e01_v1_liver,230906d12,29661,741400,25579,4082,0,4
e01_v1_liver,231025c06,17929,515365,15925,497,1507,2
e01_v1_liver,231025c13,51934,1984983,38265,2129,11540,7
e01_v1_liver,231025c14,40501,488223,12627,0,27874,3
e01_v1_liver,231025c21,42498,473039,26329,2640,13529,4
e01_v1_liver,231025c23,15593,560914,13818,261,1514,2
e01_v1_liver,231109b02,23875,510763,13979,7445,2451,3
e01_v1_liver,231109b04,39936,489193,18953,1084,19899,4
e01_v1_liver,231109b07,21520,585656,14063,2953,4504,3
e01_v1_liver,231109b08,49516,481028,22216,3115,24185,5
e01_v1_liver,231109b11,18005,645478,15012,0,2993,2
e01_v1_liver,231206d02,27132,613372,14667,8,12457,3
e01_v1_liver,231206d09,230700,401495,13990,0,216710,13
e01_v1_liver,231206d12,78592,512047,17068,5658,55866,7
e01_v1_liver,240112d28,32435,557781,9570,3953,18912,8
e01_v1_liver,240122d22,39078,526391,13597,5638,19843,7
e01_v1_liver,240122d50,23342,670005,16636,1115,5591,4
e01_v1_liver,240122d57,44108,452224,14484,2958,26666,6
e01_v1_liver,240122d59,28120,578132,11341,2024,14755,3
e01_v1_liver,240122d65,24129,436216,15256,8039,834,3
e01_v1_liver,240122d69,11152,476389,10719,433,0,1
e01_v1_liver,240122d75,20460,501834,13030,2895,4535,2
e01_v1_liver,240229c03,24308,1052826,17499,2634,4175,2
e01_v1_liver,240229c07,22260,473370,15838,5612,810,3
e01_v1_liver,240229c23,17842,501699,8896,2072,6874,3
e01_v1_liver,240229c27,64730,474731,36465,3810,24455,12
e01_v1_liver,240229c30,34284,632286,24013,4145,6126,3
e01_v1_liver,240229c33,12422,528785,11341,64,1017,2
e01_v1_liver,240229c47,23996,642877,11846,3785,8365,1
e01_v1_liver,240504b09,21269,419892,14480,6332,457,3
e01_v1_liver,240504b15,40825,1085010,18552,975,21298,7
e01_v1_liver,240504b31,14998,327494,9729,3242,2027,2
e01_v1_liver,240504b41,61516,346349,7692,2530,51294,9
e01_v1_liver,240504e18,23430,475476,13819,3614,5997,4
e01_v1_liver,240504e20,14181,340882,8841,3811,1529,3
e01_v1_liver,240504e28,41965,426814,10217,1717,30031,8
e01_v1_liver,240504e32,27148,368665,18240,6527,2381,5
e01_v1_liver,240504e38,45813,394469,17928,3093,24792,9
e01_v1_liver,240504e39,18992,398106,14772,890,3330,3
e01_v1_liver,240620a04,13966,411105,10772,20,3174,3
e01_v1_liver,240620a05,56209,416356,21740,12513,21956,8
e01_v1_liver,240620a09,22935,455389,9721,10149,3065,2
e01_v1_liver,240620a10,21757,489037,12233,5274,4250,3
e01_v1_liver,240620a11,129289,457686,29505,6596,93188,9
e01_v1_liver,240620a16,37054,402408,19483,1865,15706,3
e01_v1_liver,240620a34,81216,288153,13169,1496,66551,6
e01_v1_liver,240620a37,12963,468292,9129,80,3754,3
e01_v1_liver,240620a45,57564,508947,13198,5176,39190,7
e01_v1_liver,240620a58,48268,411647,11869,1631,34768,7
e01_v1_liver,240620a61,34614,467634,17842,5442,11330,7
e01_v1_liver,240722e103,22003,706161,13989,66,7948,3
e01_v1_liver,240722e59,39043,485519,16026,1168,21849,6
e01_v1_liver,240722e61,33834,334354,11435,3518,18881,6
e01_v1_liver,240722e68,54047,599109,13469,272,40306,9
e01_v1_liver,240722e70,34047,359479,11046,9541,13460,5
e01_v1_liver,240722e75,32875,380456,14156,2295,16424,5
e01_v1_liver,240722e77,48117,469197,14606,2961,30550,7
e01_v1_liver,240722e79,39936,523670,13118,1369,25449,7
e01_v1_liver,240722e89,75746,460591,14005,6812,54929,11
e01_v1_liver,240722e90,17921,388432,13784,0,4137,3
e01_v2_liver_union,230218a10,74197,292910,8956,12226,53015,7
e01_v2_liver_union,230218a2,59903,697300,17899,7201,34803,5
e01_v2_liver_union,230218a4,64628,462185,11555,4396,48677,10
e01_v2_liver_union,230218b2,37809,541814,14753,659,22397,4
e01_v2_liver_union,230218b6,15768,313729,8730,0,7038,2
e01_v2_liver_union,230218b8,33400,454022,21681,1124,10595,2
e01_v2_liver_union,230218c4,48460,545395,48343,117,0,2
e01_v2_liver_union,230218c8,37826,584144,25769,4818,7239,5
e01_v2_liver_union,230312a10,12181,448077,12140,41,0,1
e01_v2_liver_union,230312a7,52725,388601,12638,1473,38614,7
e01_v2_liver_union,230408a5,15362,308533,7426,1737,6199,4
e01_v2_liver_union,230525b1,17646,377563,16208,1438,0,2
e01_v2_liver_union,230525d3,26190,335602,21377,1515,3298,3
e01_v2_liver_union,230525d7,21483,469665,11295,1221,8967,4
e01_v2_liver_union,230816b04,37292,501953,14644,4306,18342,5
e01_v2_liver_union,230816b07,31140,571349,18520,4428,8192,4
e01_v2_liver_union,230816b09,15094,466881,11193,3085,816,2
e01_v2_liver_union,230906d04,20636,519690,11322,333,8981,4
e01_v2_liver_union,230906d12,35755,741400,28389,7366,0,4
e01_v2_liver_union,231025c06,30375,515365,24257,3011,3107,4
e01_v2_liver_union,231025c13,78241,1984983,58963,4400,14878,7
e01_v2_liver_union,231025c14,44642,488223,14162,1013,29467,4
e01_v2_liver_union,231025c21,50227,473039,34872,1489,13866,4
e01_v2_liver_union,231025c23,18570,560914,16082,2440,48,4
e01_v2_liver_union,231109b02,23046,510763,15502,5767,1777,3
e01_v2_liver_union,231109b04,32004,489193,17901,0,14103,4
e01_v2_liver_union,231109b07,24483,585656,15454,1928,7101,3
e01_v2_liver_union,231109b08,36338,481028,22335,2394,11609,5
e01_v2_liver_union,231109b11,15463,645478,15463,0,0,1
e01_v2_liver_union,231206d02,25800,613372,15704,648,9448,4
e01_v2_liver_union,231206d09,209223,401495,13114,0,196109,10
e01_v2_liver_union,231206d12,63914,512047,16150,4599,43165,6
e01_v2_liver_union,240112d28,34309,557781,9773,2555,21981,6
e01_v2_liver_union,240122d22,38672,526391,16983,4649,17040,8
e01_v2_liver_union,240122d50,30507,670005,19273,1054,10180,5
e01_v2_liver_union,240122d57,35646,452224,13809,973,20864,4
e01_v2_liver_union,240122d59,26162,578132,12791,1755,11616,3
e01_v2_liver_union,240122d65,26858,436216,16834,9052,972,3
e01_v2_liver_union,240122d69,11630,476389,11300,330,0,1
e01_v2_liver_union,240122d75,22580,501834,17866,3267,1447,3
e01_v2_liver_union,240229c03,31679,1052826,26994,3053,1632,2
e01_v2_liver_union,240229c07,26628,473370,18805,3974,3849,2
e01_v2_liver_union,240229c23,17786,501699,9824,2033,5929,2
e01_v2_liver_union,240229c27,391004,474731,34481,4219,352304,10
e01_v2_liver_union,240229c30,33325,632286,28261,4158,906,2
e01_v2_liver_union,240229c33,13882,528785,12705,144,1033,2
e01_v2_liver_union,240229c47,22165,642877,14249,3641,4275,2
e01_v2_liver_union,240504b09,17172,419892,12427,2668,2077,2
e01_v2_liver_union,240504b15,54073,1085010,21620,901,31552,8
e01_v2_liver_union,240504b31,18272,327494,10773,1460,6039,2
e01_v2_liver_union,240504b41,46949,346349,8754,1251,36944,10
e01_v2_liver_union,240504e18,18349,475476,14856,3493,0,2
e01_v2_liver_union,240504e20,19372,340882,9580,3117,6675,6
e01_v2_liver_union,240504e28,59194,426814,10586,0,48608,7
e01_v2_liver_union,240504e32,29102,368665,17225,6880,4997,6
e01_v2_liver_union,240504e38,32327,394469,18716,602,13009,7
e01_v2_liver_union,240504e39,15993,398106,14150,27,1816,3
e01_v2_liver_union,240620a04,15310,411105,10597,53,4660,2
e01_v2_liver_union,240620a05,52754,416356,21216,4925,26613,7
e01_v2_liver_union,240620a09,24079,455389,13603,8229,2247,2
e01_v2_liver_union,240620a10,17379,489037,13327,1070,2982,4
e01_v2_liver_union,240620a11,119740,457686,38645,12992,68103,11
e01_v2_liver_union,240620a16,32245,402408,19402,1866,10977,3
e01_v2_liver_union,240620a34,49362,288153,15303,1708,32351,7
e01_v2_liver_union,240620a37,12838,468292,10658,139,2041,3
e01_v2_liver_union,240620a45,52980,508947,12678,1925,38377,6
e01_v2_liver_union,240620a58,86290,411647,12112,1586,72592,4
e01_v2_liver_union,240620a61,60289,467634,15219,4209,40861,8
e01_v2_liver_union,240722e103,23003,706161,17036,1030,4937,3
e01_v2_liver_union,240722e59,24178,485519,15470,256,8452,4
e01_v2_liver_union,240722e61,30172,334354,11807,2533,15832,6
e01_v2_liver_union,240722e68,34898,599109,15211,118,19569,6
e01_v2_liver_union,240722e70,24143,359479,12129,8192,3822,3
e01_v2_liver_union,240722e75,21357,380456,14371,0,6986,4
e01_v2_liver_union,240722e77,43166,469197,16728,2141,24297,5
e01_v2_liver_union,240722e79,29138,523670,13350,0,15788,6
e01_v2_liver_union,240722e89,68851,460591,16488,5424,46939,10
e01_v2_liver_union,240722e90,42023,388432,13536,235,28252,5
