case_id,severity,code,message
230218a2,warning,tumor_outside_liver,258 tumor voxels are outside the automatic liver pseudo-label
230218a3,warning,tumor_outside_liver,4 tumor voxels are outside the automatic liver pseudo-label
230218a4,warning,tumor_outside_liver,71 tumor voxels are outside the automatic liver pseudo-label
230218a5,warning,tumor_outside_liver,998 tumor voxels are outside the automatic liver pseudo-label
230218a6,warning,tumor_outside_liver,28 tumor voxels are outside the automatic liver pseudo-label
230218a8,warning,tumor_outside_liver,550 tumor voxels are outside the automatic liver pseudo-label
230218a9,warning,tumor_outside_liver,1266 tumor voxels are outside the automatic liver pseudo-label
230218b1,warning,tumor_outside_liver,684 tumor voxels are outside the automatic liver pseudo-label
230218b10,warning,tumor_outside_liver,584 tumor voxels are outside the automatic liver pseudo-label
230218b2,warning,tumor_outside_liver,460 tumor voxels are outside the automatic liver pseudo-label
230218b3,warning,tumor_outside_liver,7849 tumor voxels are outside the automatic liver pseudo-label
230218b4,warning,tumor_outside_liver,40 tumor voxels are outside the automatic liver pseudo-label
230218b5,warning,tumor_outside_liver,123 tumor voxels are outside the automatic liver pseudo-label
230218b6,warning,tumor_outside_liver,239 tumor voxels are outside the automatic liver pseudo-label
230218b7,warning,tumor_outside_liver,4728 tumor voxels are outside the automatic liver pseudo-label
230218b8,warning,tumor_outside_liver,12 tumor voxels are outside the automatic liver pseudo-label
230218b9,warning,tumor_outside_liver,32 tumor voxels are outside the automatic liver pseudo-label
230218c1,warning,tumor_outside_liver,216 tumor voxels are outside the automatic liver pseudo-label
230218c10,warning,tumor_outside_liver,57692 tumor voxels are outside the automatic liver pseudo-label
230218c3,warning,tumor_outside_liver,4909 tumor voxels are outside the automatic liver pseudo-label
230218c4,warning,tumor_outside_liver,22106 tumor voxels are outside the automatic liver pseudo-label
230218c5,warning,tumor_outside_liver,14841 tumor voxels are outside the automatic liver pseudo-label
230218c6,warning,tumor_outside_liver,79059 tumor voxels are outside the automatic liver pseudo-label
230218c7,warning,tumor_outside_liver,173 tumor voxels are outside the automatic liver pseudo-label
230218c8,warning,tumor_outside_liver,66560 tumor voxels are outside the automatic liver pseudo-label
230312a10,warning,tumor_outside_liver,89 tumor voxels are outside the automatic liver pseudo-label
230312a11,warning,tumor_outside_liver,69 tumor voxels are outside the automatic liver pseudo-label
230312a12,warning,tumor_outside_liver,162 tumor voxels are outside the automatic liver pseudo-label
230312a14,warning,tumor_outside_liver,4 tumor voxels are outside the automatic liver pseudo-label
230312a15,warning,tumor_outside_liver,1435 tumor voxels are outside the automatic liver pseudo-label
230312a2,warning,tumor_outside_liver,6 tumor voxels are outside the automatic liver pseudo-label
230312a3,warning,tumor_outside_liver,215 tumor voxels are outside the automatic liver pseudo-label
230312a4,warning,tumor_outside_liver,55 tumor voxels are outside the automatic liver pseudo-label
230312a5,warning,tumor_outside_liver,134 tumor voxels are outside the automatic liver pseudo-label
230312a6,warning,tumor_outside_liver,861 tumor voxels are outside the automatic liver pseudo-label
230312a7,warning,tumor_outside_liver,190 tumor voxels are outside the automatic liver pseudo-label
230312a8,warning,tumor_outside_liver,34267 tumor voxels are outside the automatic liver pseudo-label
230312a9,warning,tumor_outside_liver,587 tumor voxels are outside the automatic liver pseudo-label
230408a11,warning,tumor_outside_liver,952 tumor voxels are outside the automatic liver pseudo-label
230408a12,warning,tumor_outside_liver,49 tumor voxels are outside the automatic liver pseudo-label
230408a3,warning,tumor_outside_liver,484 tumor voxels are outside the automatic liver pseudo-label
230408a4,warning,tumor_outside_liver,90 tumor voxels are outside the automatic liver pseudo-label
230408a5,warning,tumor_outside_liver,146 tumor voxels are outside the automatic liver pseudo-label
230408a7,warning,tumor_outside_liver,8 tumor voxels are outside the automatic liver pseudo-label
230408a8,warning,tumor_outside_liver,146 tumor voxels are outside the automatic liver pseudo-label
230408a9,warning,tumor_outside_liver,27 tumor voxels are outside the automatic liver pseudo-label
230525a1,warning,tumor_outside_liver,39 tumor voxels are outside the automatic liver pseudo-label
230525a2,warning,tumor_outside_liver,246 tumor voxels are outside the automatic liver pseudo-label
230525a4,warning,tumor_outside_liver,39 tumor voxels are outside the automatic liver pseudo-label
230525b1,warning,tumor_outside_liver,21 tumor voxels are outside the automatic liver pseudo-label
230525b10,warning,tumor_outside_liver,56 tumor voxels are outside the automatic liver pseudo-label
230525b2,warning,tumor_outside_liver,5621 tumor voxels are outside the automatic liver pseudo-label
230525b3,warning,tumor_outside_liver,4880 tumor voxels are outside the automatic liver pseudo-label
230525b5,warning,tumor_outside_liver,778 tumor voxels are outside the automatic liver pseudo-label
230525b6,warning,tumor_outside_liver,93 tumor voxels are outside the automatic liver pseudo-label
230525b7,warning,tumor_outside_liver,69 tumor voxels are outside the automatic liver pseudo-label
230525b8,warning,tumor_outside_liver,175 tumor voxels are outside the automatic liver pseudo-label
230525b9,warning,tumor_outside_liver,1851 tumor voxels are outside the automatic liver pseudo-label
230525c1,warning,tumor_outside_liver,1832 tumor voxels are outside the automatic liver pseudo-label
230525c10,warning,tumor_outside_liver,5393 tumor voxels are outside the automatic liver pseudo-label
230525c2,warning,tumor_outside_liver,22915 tumor voxels are outside the automatic liver pseudo-label
230525c3,warning,tumor_outside_liver,3489 tumor voxels are outside the automatic liver pseudo-label
230525c4,warning,tumor_outside_liver,175 tumor voxels are outside the automatic liver pseudo-label
230525c5,warning,tumor_outside_liver,38794 tumor voxels are outside the automatic liver pseudo-label
230525c7,warning,tumor_outside_liver,3365 tumor voxels are outside the automatic liver pseudo-label
230525c8,warning,tumor_outside_liver,1136 tumor voxels are outside the automatic liver pseudo-label
230525c9,warning,tumor_outside_liver,12372 tumor voxels are outside the automatic liver pseudo-label
230525d1,warning,tumor_outside_liver,50 tumor voxels are outside the automatic liver pseudo-label
230525d10,warning,tumor_outside_liver,854 tumor voxels are outside the automatic liver pseudo-label
230525d2,warning,tumor_outside_liver,795 tumor voxels are outside the automatic liver pseudo-label
230525d3,warning,tumor_outside_liver,5771 tumor voxels are outside the automatic liver pseudo-label
230525d4,warning,tumor_outside_liver,430 tumor voxels are outside the automatic liver pseudo-label
230525d5,warning,tumor_outside_liver,7139 tumor voxels are outside the automatic liver pseudo-label
230525d6,warning,tumor_outside_liver,123 tumor voxels are outside the automatic liver pseudo-label
230525d7,warning,tumor_outside_liver,1035 tumor voxels are outside the automatic liver pseudo-label
230525d8,warning,tumor_outside_liver,1057 tumor voxels are outside the automatic liver pseudo-label
230525d9,warning,tumor_outside_liver,28 tumor voxels are outside the automatic liver pseudo-label
230816b03,warning,tumor_outside_liver,349 tumor voxels are outside the automatic liver pseudo-label
230816b04,warning,tumor_outside_liver,186 tumor voxels are outside the automatic liver pseudo-label
230816b06,warning,tumor_outside_liver,337 tumor voxels are outside the automatic liver pseudo-label
230816b07,warning,tumor_outside_liver,63 tumor voxels are outside the automatic liver pseudo-label
230816b09,warning,tumor_outside_liver,23 tumor voxels are outside the automatic liver pseudo-label
230816b10,warning,tumor_outside_liver,16063 tumor voxels are outside the automatic liver pseudo-label
230816b11,warning,tumor_outside_liver,1547 tumor voxels are outside the automatic liver pseudo-label
230816b12,warning,tumor_outside_liver,918 tumor voxels are outside the automatic liver pseudo-label
230816b13,warning,tumor_outside_liver,195 tumor voxels are outside the automatic liver pseudo-label
230816b14,warning,tumor_outside_liver,161 tumor voxels are outside the automatic liver pseudo-label
230816b15,warning,tumor_outside_liver,1377 tumor voxels are outside the automatic liver pseudo-label
230906d01,error,affine_mismatch_nc,"Affine differs from PVP; translation=[5.0, 5.5, -1.0] mm, voxel_shift=[-6.632, -7.295, -0.2]"
230906d02,error,affine_mismatch_art,"Affine differs from PVP; translation=[-0.499, -0.499, 1.2] mm, voxel_shift=[0.754, 0.754, 0.24]"
230906d02,error,affine_mismatch_delay,"Affine differs from PVP; translation=[-0.499, -0.499, 3.7] mm, voxel_shift=[0.754, 0.754, 0.74]"
230906d03,warning,tumor_outside_liver,3530 tumor voxels are outside the automatic liver pseudo-label
230906d04,warning,tumor_outside_liver,395 tumor voxels are outside the automatic liver pseudo-label
230906d05,warning,tumor_outside_liver,23 tumor voxels are outside the automatic liver pseudo-label
230906d06,warning,tumor_outside_liver,5 tumor voxels are outside the automatic liver pseudo-label
230906d07,warning,tumor_outside_liver,1 tumor voxels are outside the automatic liver pseudo-label
230906d08,warning,tumor_outside_liver,16419 tumor voxels are outside the automatic liver pseudo-label
230906d09,warning,tumor_outside_liver,13305 tumor voxels are outside the automatic liver pseudo-label
230906d10,warning,affine_mismatch_nc,"Affine differs from PVP; translation=[0.0, 0.0, 4.2] mm, voxel_shift=[-0.0, -0.0, 0.84]"
230906d10,warning,affine_mismatch_art,"Affine differs from PVP; translation=[0.0, 0.0, 4.2] mm, voxel_shift=[-0.0, -0.0, 0.84]"
230906d10,warning,tumor_outside_liver,1639 tumor voxels are outside the automatic liver pseudo-label
230906d11,warning,tumor_outside_liver,62 tumor voxels are outside the automatic liver pseudo-label
230906d12,warning,affine_mismatch_nc,"Affine differs from PVP; translation=[0.0, 0.0, 3.9] mm, voxel_shift=[-0.0, -0.0, 0.78]"
230906d12,warning,affine_mismatch_art,"Affine differs from PVP; translation=[0.0, 0.0, 3.9] mm, voxel_shift=[-0.0, -0.0, 0.78]"
230906d13,warning,tumor_outside_liver,568 tumor voxels are outside the automatic liver pseudo-label
230906d14,warning,tumor_outside_liver,750 tumor voxels are outside the automatic liver pseudo-label
230906d15,warning,tumor_outside_liver,6951 tumor voxels are outside the automatic liver pseudo-label
231025c01,warning,tumor_outside_liver,2156 tumor voxels are outside the automatic liver pseudo-label
231025c02,warning,tumor_outside_liver,301335 tumor voxels are outside the automatic liver pseudo-label
231025c03,warning,tumor_outside_liver,13335 tumor voxels are outside the automatic liver pseudo-label
231025c04,warning,tumor_outside_liver,176442 tumor voxels are outside the automatic liver pseudo-label
231025c05,warning,tumor_outside_liver,12631 tumor voxels are outside the automatic liver pseudo-label
231025c06,warning,tumor_outside_liver,5962 tumor voxels are outside the automatic liver pseudo-label
231025c07,warning,tumor_outside_liver,40923 tumor voxels are outside the automatic liver pseudo-label
231025c08,warning,tumor_outside_liver,13236 tumor voxels are outside the automatic liver pseudo-label
231025c09,warning,tumor_outside_liver,8034 tumor voxels are outside the automatic liver pseudo-label
231025c10,warning,tumor_outside_liver,375872 tumor voxels are outside the automatic liver pseudo-label
231025c11,warning,tumor_outside_liver,633164 tumor voxels are outside the automatic liver pseudo-label
231025c12,warning,tumor_outside_liver,4128 tumor voxels are outside the automatic liver pseudo-label
231025c13,warning,tumor_outside_liver,815072 tumor voxels are outside the automatic liver pseudo-label
231025c14,warning,tumor_outside_liver,34568 tumor voxels are outside the automatic liver pseudo-label
231025c15,warning,tumor_outside_liver,6046 tumor voxels are outside the automatic liver pseudo-label
231025c16,warning,tumor_outside_liver,158506 tumor voxels are outside the automatic liver pseudo-label
231025c17,warning,tumor_outside_liver,84578 tumor voxels are outside the automatic liver pseudo-label
231025c18,warning,tumor_outside_liver,3170 tumor voxels are outside the automatic liver pseudo-label
231025c19,warning,tumor_outside_liver,15993 tumor voxels are outside the automatic liver pseudo-label
231025c20,warning,tumor_outside_liver,10114 tumor voxels are outside the automatic liver pseudo-label
231025c21,warning,tumor_outside_liver,28463 tumor voxels are outside the automatic liver pseudo-label
231025c22,warning,tumor_outside_liver,15714 tumor voxels are outside the automatic liver pseudo-label
231025c23,warning,tumor_outside_liver,28502 tumor voxels are outside the automatic liver pseudo-label
231025c24,warning,tumor_outside_liver,27957 tumor voxels are outside the automatic liver pseudo-label
231025c25,warning,tumor_outside_liver,1449 tumor voxels are outside the automatic liver pseudo-label
231025c26,warning,tumor_outside_liver,77615 tumor voxels are outside the automatic liver pseudo-label
231025c27,warning,tumor_outside_liver,117402 tumor voxels are outside the automatic liver pseudo-label
231025c28,warning,tumor_outside_liver,1581 tumor voxels are outside the automatic liver pseudo-label
231025c29,warning,tumor_outside_liver,190496 tumor voxels are outside the automatic liver pseudo-label
231025c30,warning,tumor_outside_liver,19237 tumor voxels are outside the automatic liver pseudo-label
231025c31,warning,tumor_outside_liver,63147 tumor voxels are outside the automatic liver pseudo-label
231025c32,warning,tumor_outside_liver,155206 tumor voxels are outside the automatic liver pseudo-label
231025c33,warning,tumor_outside_liver,42120 tumor voxels are outside the automatic liver pseudo-label
231025c34,warning,tumor_outside_liver,18545 tumor voxels are outside the automatic liver pseudo-label
231025c35,warning,tumor_outside_liver,31950 tumor voxels are outside the automatic liver pseudo-label
231109b01,warning,shape_mismatch_liver_mask,"(512, 512, 74) != (512, 512, 105)"
231109b01,warning,affine_mismatch_liver_mask,Affine differs from PVP
231109b02,warning,tumor_outside_liver,130 tumor voxels are outside the automatic liver pseudo-label
231109b03,warning,tumor_outside_liver,250 tumor voxels are outside the automatic liver pseudo-label
231109b04,warning,tumor_outside_liver,1756 tumor voxels are outside the automatic liver pseudo-label
231109b05,warning,tumor_outside_liver,682 tumor voxels are outside the automatic liver pseudo-label
231109b06,warning,tumor_outside_liver,1709 tumor voxels are outside the automatic liver pseudo-label
231109b08,warning,tumor_outside_liver,1605 tumor voxels are outside the automatic liver pseudo-label
231109b09,warning,tumor_outside_liver,3039 tumor voxels are outside the automatic liver pseudo-label
231109b11,warning,tumor_outside_liver,799 tumor voxels are outside the automatic liver pseudo-label
231109b13,warning,tumor_outside_liver,134 tumor voxels are outside the automatic liver pseudo-label
231109b14,warning,tumor_outside_liver,48 tumor voxels are outside the automatic liver pseudo-label
231109b15,warning,tumor_outside_liver,7820 tumor voxels are outside the automatic liver pseudo-label
231109b16,warning,tumor_outside_liver,1134 tumor voxels are outside the automatic liver pseudo-label
231109b18,warning,tumor_outside_liver,1582 tumor voxels are outside the automatic liver pseudo-label
231109b19,warning,tumor_outside_liver,30 tumor voxels are outside the automatic liver pseudo-label
231206d01,warning,tumor_outside_liver,14 tumor voxels are outside the automatic liver pseudo-label
231206d02,warning,tumor_outside_liver,215 tumor voxels are outside the automatic liver pseudo-label
231206d03,warning,tumor_outside_liver,67 tumor voxels are outside the automatic liver pseudo-label
231206d04,warning,tumor_outside_liver,46 tumor voxels are outside the automatic liver pseudo-label
231206d05,warning,tumor_outside_liver,598 tumor voxels are outside the automatic liver pseudo-label
231206d06,warning,tumor_outside_liver,86 tumor voxels are outside the automatic liver pseudo-label
231206d08,warning,tumor_outside_liver,729 tumor voxels are outside the automatic liver pseudo-label
231206d10,warning,tumor_outside_liver,101 tumor voxels are outside the automatic liver pseudo-label
231206d12,warning,tumor_outside_liver,889 tumor voxels are outside the automatic liver pseudo-label
231206d13,warning,tumor_outside_liver,52 tumor voxels are outside the automatic liver pseudo-label
231206d14,warning,tumor_outside_liver,1395 tumor voxels are outside the automatic liver pseudo-label
231206d16,warning,tumor_outside_liver,27 tumor voxels are outside the automatic liver pseudo-label
231206d18,error,affine_mismatch_nc,"Affine differs from PVP; translation=[-1.497, -1.497, 0.0] mm, voxel_shift=[2.066, 2.066, 0.0]"
231206d18,error,affine_mismatch_art,"Affine differs from PVP; translation=[-1.497, -1.497, 0.0] mm, voxel_shift=[2.066, 2.066, 0.0]"
231206d18,error,affine_mismatch_delay,"Affine differs from PVP; translation=[-1.497, -1.497, 0.0] mm, voxel_shift=[2.066, 2.066, 0.0]"
231206d18,warning,tumor_outside_liver,675 tumor voxels are outside the automatic liver pseudo-label
231206d19,warning,tumor_outside_liver,9349 tumor voxels are outside the automatic liver pseudo-label
231206d20,warning,tumor_outside_liver,359 tumor voxels are outside the automatic liver pseudo-label
240112d11,warning,tumor_outside_liver,2062 tumor voxels are outside the automatic liver pseudo-label
240112d17,warning,tumor_outside_liver,3224 tumor voxels are outside the automatic liver pseudo-label
240112d21,warning,tumor_outside_liver,1858 tumor voxels are outside the automatic liver pseudo-label
240112d23,warning,affine_mismatch_nc,"Affine differs from PVP; translation=[0.0, 0.0, 3.8] mm, voxel_shift=[-0.0, -0.0, 0.76]"
240112d23,warning,affine_mismatch_art,"Affine differs from PVP; translation=[0.0, 0.0, 3.8] mm, voxel_shift=[-0.0, -0.0, 0.76]"
240112d24,warning,tumor_outside_liver,4871 tumor voxels are outside the automatic liver pseudo-label
240112d25,warning,tumor_outside_liver,241 tumor voxels are outside the automatic liver pseudo-label
240112d26,warning,tumor_outside_liver,196 tumor voxels are outside the automatic liver pseudo-label
240112d27,error,affine_mismatch_nc,"Affine differs from PVP; translation=[-2.8, 0.0, 4.75] mm, voxel_shift=[4.096, -0.0, 0.95]"
240112d27,warning,tumor_outside_liver,4100 tumor voxels are outside the automatic liver pseudo-label
240112d28,warning,tumor_outside_liver,268 tumor voxels are outside the automatic liver pseudo-label
240112d29,warning,tumor_outside_liver,608 tumor voxels are outside the automatic liver pseudo-label
240112d30,warning,tumor_outside_liver,32 tumor voxels are outside the automatic liver pseudo-label
240112d31,warning,tumor_outside_liver,3606 tumor voxels are outside the automatic liver pseudo-label
240112d32,warning,tumor_outside_liver,192 tumor voxels are outside the automatic liver pseudo-label
240112d33,warning,tumor_outside_liver,42 tumor voxels are outside the automatic liver pseudo-label
240112d34,warning,tumor_outside_liver,1076 tumor voxels are outside the automatic liver pseudo-label
240112d37,warning,tumor_outside_liver,138 tumor voxels are outside the automatic liver pseudo-label
240112d38,warning,tumor_outside_liver,3057 tumor voxels are outside the automatic liver pseudo-label
240112d39,warning,tumor_outside_liver,91 tumor voxels are outside the automatic liver pseudo-label
240112d40,error,affine_mismatch_nc,"Affine differs from PVP; translation=[-0.499, -0.499, 0.0] mm, voxel_shift=[0.517, 0.517, 0.0]"
240112d40,warning,tumor_outside_liver,31268 tumor voxels are outside the automatic liver pseudo-label
240112d41,warning,tumor_outside_liver,6942 tumor voxels are outside the automatic liver pseudo-label
240112d42,warning,tumor_outside_liver,4606 tumor voxels are outside the automatic liver pseudo-label
240112d43,warning,tumor_outside_liver,268 tumor voxels are outside the automatic liver pseudo-label
240112d44,warning,tumor_outside_liver,798 tumor voxels are outside the automatic liver pseudo-label
240122d22,warning,tumor_outside_liver,3184 tumor voxels are outside the automatic liver pseudo-label
240122d45,warning,tumor_outside_liver,348 tumor voxels are outside the automatic liver pseudo-label
240122d47,warning,tumor_outside_liver,719 tumor voxels are outside the automatic liver pseudo-label
240122d48,warning,tumor_outside_liver,4071 tumor voxels are outside the automatic liver pseudo-label
240122d49,warning,tumor_outside_liver,537 tumor voxels are outside the automatic liver pseudo-label
240122d50,warning,tumor_outside_liver,182 tumor voxels are outside the automatic liver pseudo-label
240122d51,warning,tumor_outside_liver,172 tumor voxels are outside the automatic liver pseudo-label
240122d52,warning,tumor_outside_liver,520 tumor voxels are outside the automatic liver pseudo-label
240122d53,warning,affine_mismatch_nc,"Affine differs from PVP; translation=[0.0, 0.0, -1.3] mm, voxel_shift=[-0.0, -0.0, -0.26]"
240122d53,warning,affine_mismatch_art,"Affine differs from PVP; translation=[0.0, 0.0, -1.3] mm, voxel_shift=[-0.0, -0.0, -0.26]"
240122d53,error,affine_mismatch_delay,"Affine differs from PVP; translation=[-0.499, -0.499, 0.0] mm, voxel_shift=[0.652, 0.652, 0.0]"
240122d53,warning,tumor_outside_liver,30 tumor voxels are outside the automatic liver pseudo-label
240122d54,warning,tumor_outside_liver,47308 tumor voxels are outside the automatic liver pseudo-label
240122d55,error,affine_mismatch_nc,"Affine differs from PVP; translation=[8.4, 9.0, 1.75] mm, voxel_shift=[-10.833, -11.607, 0.35]"
240122d55,warning,tumor_outside_liver,571 tumor voxels are outside the automatic liver pseudo-label
240122d56,warning,tumor_outside_liver,45 tumor voxels are outside the automatic liver pseudo-label
240122d57,warning,tumor_outside_liver,728 tumor voxels are outside the automatic liver pseudo-label
240122d59,warning,tumor_outside_liver,574 tumor voxels are outside the automatic liver pseudo-label
240122d60,warning,tumor_outside_liver,23 tumor voxels are outside the automatic liver pseudo-label
240122d61,warning,tumor_outside_liver,9563 tumor voxels are outside the automatic liver pseudo-label
240122d62,warning,tumor_outside_liver,160 tumor voxels are outside the automatic liver pseudo-label
240122d63,warning,tumor_outside_liver,772 tumor voxels are outside the automatic liver pseudo-label
240122d64,warning,tumor_outside_liver,30 tumor voxels are outside the automatic liver pseudo-label
240122d65,error,affine_mismatch_nc,"Affine differs from PVP; translation=[-2.497, -1.497, -2.6] mm, voxel_shift=[3.446, 2.066, -0.52]"
240122d65,error,affine_mismatch_art,"Affine differs from PVP; translation=[-2.497, -1.497, -2.6] mm, voxel_shift=[3.446, 2.066, -0.52]"
240122d65,error,affine_mismatch_delay,"Affine differs from PVP; translation=[-2.497, -1.497, -2.6] mm, voxel_shift=[3.446, 2.066, -0.52]"
240122d65,warning,tumor_outside_liver,7375 tumor voxels are outside the automatic liver pseudo-label
240122d66,warning,tumor_outside_liver,269 tumor voxels are outside the automatic liver pseudo-label
240122d67,warning,tumor_outside_liver,19933 tumor voxels are outside the automatic liver pseudo-label
240122d68,error,affine_mismatch_nc,"Affine differs from PVP; translation=[1.499, 0.499, 0.0] mm, voxel_shift=[-2.126, -0.708, 0.0]"
240122d68,error,affine_mismatch_art,"Affine differs from PVP; translation=[1.499, 0.499, 0.0] mm, voxel_shift=[-2.126, -0.708, 0.0]"
240122d68,error,affine_mismatch_delay,"Affine differs from PVP; translation=[1.499, 0.499, 0.0] mm, voxel_shift=[-2.126, -0.708, 0.0]"
240122d68,warning,tumor_outside_liver,2830 tumor voxels are outside the automatic liver pseudo-label
240122d69,warning,tumor_outside_liver,5750 tumor voxels are outside the automatic liver pseudo-label
240122d70,error,affine_mismatch_nc,"Affine differs from PVP; translation=[9.1, -9.1, 0.0] mm, voxel_shift=[-13.312, 13.312, 0.0]"
240122d70,error,affine_mismatch_art,"Affine differs from PVP; translation=[0.0, 2.8, 0.0] mm, voxel_shift=[-0.0, -4.096, 0.0]"
240122d70,error,affine_mismatch_delay,"Affine differs from PVP; translation=[5.95, -5.95, 0.0] mm, voxel_shift=[-8.704, 8.704, 0.0]"
240122d70,warning,tumor_outside_liver,67 tumor voxels are outside the automatic liver pseudo-label
240122d71,warning,tumor_outside_liver,36 tumor voxels are outside the automatic liver pseudo-label
240122d73,warning,tumor_outside_liver,716 tumor voxels are outside the automatic liver pseudo-label
240122d74,warning,tumor_outside_liver,101 tumor voxels are outside the automatic liver pseudo-label
240122d75,error,affine_mismatch_nc,"Affine differs from PVP; translation=[0.499, 0.499, 0.0] mm, voxel_shift=[-0.763, -0.763, 0.0]"
240122d75,error,affine_mismatch_art,"Affine differs from PVP; translation=[0.499, 0.499, 0.0] mm, voxel_shift=[-0.763, -0.763, 0.0]"
240122d75,error,affine_mismatch_delay,"Affine differs from PVP; translation=[0.499, 0.499, 0.0] mm, voxel_shift=[-0.763, -0.763, 0.0]"
240122d75,warning,tumor_outside_liver,64 tumor voxels are outside the automatic liver pseudo-label
240229c01,warning,tumor_outside_liver,1382 tumor voxels are outside the automatic liver pseudo-label
240229c02,warning,tumor_outside_liver,88363 tumor voxels are outside the automatic liver pseudo-label
240229c03,warning,tumor_outside_liver,40366 tumor voxels are outside the automatic liver pseudo-label
240229c04,warning,tumor_outside_liver,1560 tumor voxels are outside the automatic liver pseudo-label
240229c05,warning,tumor_outside_liver,15565 tumor voxels are outside the automatic liver pseudo-label
240229c06,warning,tumor_outside_liver,20261 tumor voxels are outside the automatic liver pseudo-label
240229c07,warning,tumor_outside_liver,9930 tumor voxels are outside the automatic liver pseudo-label
240229c08,warning,tumor_outside_liver,69002 tumor voxels are outside the automatic liver pseudo-label
240229c09,warning,tumor_outside_liver,120 tumor voxels are outside the automatic liver pseudo-label
240229c10,warning,tumor_outside_liver,13793 tumor voxels are outside the automatic liver pseudo-label
240229c11,warning,tumor_outside_liver,2861 tumor voxels are outside the automatic liver pseudo-label
240229c12,warning,tumor_outside_liver,51402 tumor voxels are outside the automatic liver pseudo-label
240229c13,warning,tumor_outside_liver,9478 tumor voxels are outside the automatic liver pseudo-label
240229c14,warning,tumor_outside_liver,55123 tumor voxels are outside the automatic liver pseudo-label
240229c15,warning,tumor_outside_liver,104644 tumor voxels are outside the automatic liver pseudo-label
240229c16,warning,tumor_outside_liver,21632 tumor voxels are outside the automatic liver pseudo-label
240229c17,warning,tumor_outside_liver,122737 tumor voxels are outside the automatic liver pseudo-label
240229c18,warning,tumor_outside_liver,10801 tumor voxels are outside the automatic liver pseudo-label
240229c19,warning,tumor_outside_liver,58959 tumor voxels are outside the automatic liver pseudo-label
240229c20,warning,tumor_outside_liver,75854 tumor voxels are outside the automatic liver pseudo-label
240229c22,warning,tumor_outside_liver,32605 tumor voxels are outside the automatic liver pseudo-label
240229c23,warning,tumor_outside_liver,21900 tumor voxels are outside the automatic liver pseudo-label
240229c24,warning,tumor_outside_liver,2801 tumor voxels are outside the automatic liver pseudo-label
240229c25,warning,tumor_outside_liver,25252 tumor voxels are outside the automatic liver pseudo-label
240229c26,warning,tumor_outside_liver,14548 tumor voxels are outside the automatic liver pseudo-label
240229c27,warning,tumor_outside_liver,12111 tumor voxels are outside the automatic liver pseudo-label
240229c28,warning,tumor_outside_liver,12437 tumor voxels are outside the automatic liver pseudo-label
240229c29,warning,tumor_outside_liver,44700 tumor voxels are outside the automatic liver pseudo-label
240229c30,warning,tumor_outside_liver,13410 tumor voxels are outside the automatic liver pseudo-label
240229c31,warning,tumor_outside_liver,58042 tumor voxels are outside the automatic liver pseudo-label
240229c32,warning,tumor_outside_liver,15908 tumor voxels are outside the automatic liver pseudo-label
240229c33,warning,tumor_outside_liver,2026 tumor voxels are outside the automatic liver pseudo-label
240229c34,warning,tumor_outside_liver,90445 tumor voxels are outside the automatic liver pseudo-label
240229c35,warning,tumor_outside_liver,60892 tumor voxels are outside the automatic liver pseudo-label
240229c36,warning,tumor_outside_liver,52871 tumor voxels are outside the automatic liver pseudo-label
240229c37,warning,tumor_outside_liver,332165 tumor voxels are outside the automatic liver pseudo-label
240229c38,warning,tumor_outside_liver,83933 tumor voxels are outside the automatic liver pseudo-label
240229c39,warning,tumor_outside_liver,64409 tumor voxels are outside the automatic liver pseudo-label
240229c40,warning,tumor_outside_liver,23956 tumor voxels are outside the automatic liver pseudo-label
240229c41,warning,tumor_outside_liver,10313 tumor voxels are outside the automatic liver pseudo-label
240229c43,warning,tumor_outside_liver,1476 tumor voxels are outside the automatic liver pseudo-label
240229c44,warning,tumor_outside_liver,59211 tumor voxels are outside the automatic liver pseudo-label
240229c45,warning,tumor_outside_liver,91745 tumor voxels are outside the automatic liver pseudo-label
240229c47,warning,tumor_outside_liver,8835 tumor voxels are outside the automatic liver pseudo-label
240504a06,warning,tumor_outside_liver,799 tumor voxels are outside the automatic liver pseudo-label
240504a09,warning,tumor_outside_liver,110 tumor voxels are outside the automatic liver pseudo-label
240504a10,warning,tumor_outside_liver,731 tumor voxels are outside the automatic liver pseudo-label
240504a11,warning,tumor_outside_liver,204 tumor voxels are outside the automatic liver pseudo-label
240504a12,warning,tumor_outside_liver,17957 tumor voxels are outside the automatic liver pseudo-label
240504a13,warning,tumor_outside_liver,123 tumor voxels are outside the automatic liver pseudo-label
240504a14,warning,tumor_outside_liver,10208 tumor voxels are outside the automatic liver pseudo-label
240504b02,warning,tumor_outside_liver,122 tumor voxels are outside the automatic liver pseudo-label
240504b03,warning,tumor_outside_liver,155 tumor voxels are outside the automatic liver pseudo-label
240504b04,warning,tumor_outside_liver,653 tumor voxels are outside the automatic liver pseudo-label
240504b05,warning,tumor_outside_liver,6476 tumor voxels are outside the automatic liver pseudo-label
240504b06,warning,tumor_outside_liver,57101 tumor voxels are outside the automatic liver pseudo-label
240504b07,warning,tumor_outside_liver,160 tumor voxels are outside the automatic liver pseudo-label
240504b08,warning,tumor_outside_liver,755 tumor voxels are outside the automatic liver pseudo-label
240504b09,warning,tumor_outside_liver,17189 tumor voxels are outside the automatic liver pseudo-label
240504b10,warning,tumor_outside_liver,145 tumor voxels are outside the automatic liver pseudo-label
240504b11,warning,tumor_outside_liver,35 tumor voxels are outside the automatic liver pseudo-label
240504b12,warning,tumor_outside_liver,601 tumor voxels are outside the automatic liver pseudo-label
240504b13,warning,tumor_outside_liver,14393 tumor voxels are outside the automatic liver pseudo-label
240504b14,warning,tumor_outside_liver,267 tumor voxels are outside the automatic liver pseudo-label
240504b15,warning,tumor_outside_liver,29297 tumor voxels are outside the automatic liver pseudo-label
240504b17,warning,tumor_outside_liver,7005 tumor voxels are outside the automatic liver pseudo-label
240504b18,warning,tumor_outside_liver,1596 tumor voxels are outside the automatic liver pseudo-label
240504b19,warning,tumor_outside_liver,532 tumor voxels are outside the automatic liver pseudo-label
240504b21,warning,tumor_outside_liver,1885 tumor voxels are outside the automatic liver pseudo-label
240504b22,warning,tumor_outside_liver,399 tumor voxels are outside the automatic liver pseudo-label
240504b23,warning,tumor_outside_liver,5410 tumor voxels are outside the automatic liver pseudo-label
240504b24,warning,tumor_outside_liver,1699 tumor voxels are outside the automatic liver pseudo-label
240504b25,warning,tumor_outside_liver,237 tumor voxels are outside the automatic liver pseudo-label
240504b26,warning,tumor_outside_liver,227 tumor voxels are outside the automatic liver pseudo-label
240504b27,warning,shape_mismatch_liver_mask,"(512, 512, 189) != (512, 512, 57)"
240504b27,warning,affine_mismatch_liver_mask,Affine differs from PVP
240504b28,warning,tumor_outside_liver,1102 tumor voxels are outside the automatic liver pseudo-label
240504b29,warning,tumor_outside_liver,241 tumor voxels are outside the automatic liver pseudo-label
240504b30,warning,tumor_outside_liver,114669 tumor voxels are outside the automatic liver pseudo-label
240504b31,warning,tumor_outside_liver,1180 tumor voxels are outside the automatic liver pseudo-label
240504b33,warning,tumor_outside_liver,1626 tumor voxels are outside the automatic liver pseudo-label
240504b34,warning,tumor_outside_liver,2982 tumor voxels are outside the automatic liver pseudo-label
240504b36,warning,tumor_outside_liver,59 tumor voxels are outside the automatic liver pseudo-label
240504b37,warning,tumor_outside_liver,381 tumor voxels are outside the automatic liver pseudo-label
240504b38,warning,tumor_outside_liver,976 tumor voxels are outside the automatic liver pseudo-label
240504b39,warning,tumor_outside_liver,2732 tumor voxels are outside the automatic liver pseudo-label
240504b40,warning,tumor_outside_liver,1251 tumor voxels are outside the automatic liver pseudo-label
240504b41,warning,tumor_outside_liver,189 tumor voxels are outside the automatic liver pseudo-label
240504b42,warning,tumor_outside_liver,1212 tumor voxels are outside the automatic liver pseudo-label
240504b43,warning,tumor_outside_liver,9068 tumor voxels are outside the automatic liver pseudo-label
240504b44,warning,tumor_outside_liver,373 tumor voxels are outside the automatic liver pseudo-label
240504b45,warning,tumor_outside_liver,12201 tumor voxels are outside the automatic liver pseudo-label
240504b47,warning,tumor_outside_liver,66 tumor voxels are outside the automatic liver pseudo-label
240504b48,warning,tumor_outside_liver,2 tumor voxels are outside the automatic liver pseudo-label
240504b50,warning,tumor_outside_liver,1364 tumor voxels are outside the automatic liver pseudo-label
240504e02,warning,tumor_outside_liver,738 tumor voxels are outside the automatic liver pseudo-label
240504e03,warning,tumor_outside_liver,97 tumor voxels are outside the automatic liver pseudo-label
240504e04,warning,tumor_outside_liver,112 tumor voxels are outside the automatic liver pseudo-label
240504e05,warning,tumor_outside_liver,71 tumor voxels are outside the automatic liver pseudo-label
240504e06,warning,tumor_outside_liver,40 tumor voxels are outside the automatic liver pseudo-label
240504e07,warning,tumor_outside_liver,326 tumor voxels are outside the automatic liver pseudo-label
240504e09,warning,tumor_outside_liver,83 tumor voxels are outside the automatic liver pseudo-label
240504e10,warning,tumor_outside_liver,1369 tumor voxels are outside the automatic liver pseudo-label
240504e12,warning,tumor_outside_liver,2 tumor voxels are outside the automatic liver pseudo-label
240504e13,warning,tumor_outside_liver,52 tumor voxels are outside the automatic liver pseudo-label
240504e14,warning,tumor_outside_liver,67 tumor voxels are outside the automatic liver pseudo-label
240504e15,warning,tumor_outside_liver,1175 tumor voxels are outside the automatic liver pseudo-label
240504e17,warning,tumor_outside_liver,2567 tumor voxels are outside the automatic liver pseudo-label
240504e18,warning,tumor_outside_liver,35 tumor voxels are outside the automatic liver pseudo-label
240504e19,warning,tumor_outside_liver,93 tumor voxels are outside the automatic liver pseudo-label
240504e20,warning,tumor_outside_liver,240 tumor voxels are outside the automatic liver pseudo-label
240504e21,warning,tumor_outside_liver,82 tumor voxels are outside the automatic liver pseudo-label
240504e22,warning,tumor_outside_liver,424 tumor voxels are outside the automatic liver pseudo-label
240504e23,warning,tumor_outside_liver,311 tumor voxels are outside the automatic liver pseudo-label
240504e24,warning,tumor_outside_liver,120 tumor voxels are outside the automatic liver pseudo-label
240504e25,warning,tumor_outside_liver,368 tumor voxels are outside the automatic liver pseudo-label
240504e26,warning,tumor_outside_liver,16 tumor voxels are outside the automatic liver pseudo-label
240504e27,warning,tumor_outside_liver,165 tumor voxels are outside the automatic liver pseudo-label
240504e28,warning,tumor_outside_liver,106 tumor voxels are outside the automatic liver pseudo-label
240504e29,warning,tumor_outside_liver,139 tumor voxels are outside the automatic liver pseudo-label
240504e30,warning,shape_mismatch_liver_mask,"(512, 512, 53) != (512, 512, 94)"
240504e30,warning,affine_mismatch_liver_mask,Affine differs from PVP
240504e31,warning,tumor_outside_liver,106 tumor voxels are outside the automatic liver pseudo-label
240504e32,warning,tumor_outside_liver,143 tumor voxels are outside the automatic liver pseudo-label
240504e33,warning,tumor_outside_liver,316 tumor voxels are outside the automatic liver pseudo-label
240504e34,warning,tumor_outside_liver,844 tumor voxels are outside the automatic liver pseudo-label
240504e35,warning,tumor_outside_liver,192 tumor voxels are outside the automatic liver pseudo-label
240504e36,warning,tumor_outside_liver,100 tumor voxels are outside the automatic liver pseudo-label
240504e38,warning,tumor_outside_liver,99 tumor voxels are outside the automatic liver pseudo-label
240504e39,warning,tumor_outside_liver,229 tumor voxels are outside the automatic liver pseudo-label
240504e40,warning,tumor_outside_liver,111 tumor voxels are outside the automatic liver pseudo-label
240504e41,warning,tumor_outside_liver,352 tumor voxels are outside the automatic liver pseudo-label
240504e42,warning,tumor_outside_liver,14373 tumor voxels are outside the automatic liver pseudo-label
240504e43,warning,tumor_outside_liver,151 tumor voxels are outside the automatic liver pseudo-label
240504e44,warning,tumor_outside_liver,11 tumor voxels are outside the automatic liver pseudo-label
240504e47,warning,tumor_outside_liver,417 tumor voxels are outside the automatic liver pseudo-label
240504e48,warning,tumor_outside_liver,604 tumor voxels are outside the automatic liver pseudo-label
240504e49,warning,tumor_outside_liver,19 tumor voxels are outside the automatic liver pseudo-label
240504e50,warning,tumor_outside_liver,167 tumor voxels are outside the automatic liver pseudo-label
240620a01,warning,tumor_outside_liver,3523 tumor voxels are outside the automatic liver pseudo-label
240620a02,warning,tumor_outside_liver,124 tumor voxels are outside the automatic liver pseudo-label
240620a03,warning,tumor_outside_liver,181 tumor voxels are outside the automatic liver pseudo-label
240620a04,warning,tumor_outside_liver,5 tumor voxels are outside the automatic liver pseudo-label
240620a05,warning,tumor_outside_liver,107 tumor voxels are outside the automatic liver pseudo-label
240620a06,warning,tumor_outside_liver,83 tumor voxels are outside the automatic liver pseudo-label
240620a08,warning,tumor_outside_liver,9 tumor voxels are outside the automatic liver pseudo-label
240620a09,warning,tumor_outside_liver,88 tumor voxels are outside the automatic liver pseudo-label
240620a12,warning,tumor_outside_liver,700 tumor voxels are outside the automatic liver pseudo-label
240620a13,warning,tumor_outside_liver,5421 tumor voxels are outside the automatic liver pseudo-label
240620a15,warning,tumor_outside_liver,190 tumor voxels are outside the automatic liver pseudo-label
240620a16,warning,tumor_outside_liver,2102 tumor voxels are outside the automatic liver pseudo-label
240620a17,warning,tumor_outside_liver,53 tumor voxels are outside the automatic liver pseudo-label
240620a18,warning,tumor_outside_liver,582 tumor voxels are outside the automatic liver pseudo-label
240620a19,warning,tumor_outside_liver,454 tumor voxels are outside the automatic liver pseudo-label
240620a20,warning,tumor_outside_liver,32 tumor voxels are outside the automatic liver pseudo-label
240620a21,warning,tumor_outside_liver,6 tumor voxels are outside the automatic liver pseudo-label
240620a22,warning,tumor_outside_liver,2894 tumor voxels are outside the automatic liver pseudo-label
240620a23,warning,tumor_outside_liver,5158 tumor voxels are outside the automatic liver pseudo-label
240620a24,warning,tumor_outside_liver,323 tumor voxels are outside the automatic liver pseudo-label
240620a25,warning,tumor_outside_liver,19 tumor voxels are outside the automatic liver pseudo-label
240620a26,warning,tumor_outside_liver,347 tumor voxels are outside the automatic liver pseudo-label
240620a28,warning,tumor_outside_liver,761 tumor voxels are outside the automatic liver pseudo-label
240620a29,warning,tumor_outside_liver,565 tumor voxels are outside the automatic liver pseudo-label
240620a30,warning,tumor_outside_liver,291 tumor voxels are outside the automatic liver pseudo-label
240620a31,warning,tumor_outside_liver,1538 tumor voxels are outside the automatic liver pseudo-label
240620a32,warning,tumor_outside_liver,2648 tumor voxels are outside the automatic liver pseudo-label
240620a33,warning,tumor_outside_liver,20 tumor voxels are outside the automatic liver pseudo-label
240620a34,warning,tumor_outside_liver,242 tumor voxels are outside the automatic liver pseudo-label
240620a35,warning,tumor_outside_liver,28304 tumor voxels are outside the automatic liver pseudo-label
240620a38,warning,tumor_outside_liver,14 tumor voxels are outside the automatic liver pseudo-label
240620a40,warning,tumor_outside_liver,290 tumor voxels are outside the automatic liver pseudo-label
240620a41,warning,tumor_outside_liver,106 tumor voxels are outside the automatic liver pseudo-label
240620a42,warning,tumor_outside_liver,260 tumor voxels are outside the automatic liver pseudo-label
240620a43,warning,tumor_outside_liver,36 tumor voxels are outside the automatic liver pseudo-label
240620a44,warning,tumor_outside_liver,722 tumor voxels are outside the automatic liver pseudo-label
240620a46,warning,tumor_outside_liver,150 tumor voxels are outside the automatic liver pseudo-label
240620a47,warning,tumor_outside_liver,110 tumor voxels are outside the automatic liver pseudo-label
240620a50,warning,tumor_outside_liver,144 tumor voxels are outside the automatic liver pseudo-label
240620a51,warning,tumor_outside_liver,5 tumor voxels are outside the automatic liver pseudo-label
240620a52,warning,tumor_outside_liver,6265 tumor voxels are outside the automatic liver pseudo-label
240620a54,warning,tumor_outside_liver,1 tumor voxels are outside the automatic liver pseudo-label
240620a55,warning,tumor_outside_liver,1600 tumor voxels are outside the automatic liver pseudo-label
240620a57,warning,tumor_outside_liver,5996 tumor voxels are outside the automatic liver pseudo-label
240620a58,warning,tumor_outside_liver,73 tumor voxels are outside the automatic liver pseudo-label
240620a59,warning,tumor_outside_liver,1472 tumor voxels are outside the automatic liver pseudo-label
240620a60,warning,tumor_outside_liver,5000 tumor voxels are outside the automatic liver pseudo-label
240620a62,warning,tumor_outside_liver,20 tumor voxels are outside the automatic liver pseudo-label
240620a63,warning,tumor_outside_liver,309 tumor voxels are outside the automatic liver pseudo-label
240620a64,warning,tumor_outside_liver,1 tumor voxels are outside the automatic liver pseudo-label
240620a65,warning,tumor_outside_liver,735 tumor voxels are outside the automatic liver pseudo-label
240722e100,warning,tumor_outside_liver,47 tumor voxels are outside the automatic liver pseudo-label
240722e101,warning,tumor_outside_liver,141 tumor voxels are outside the automatic liver pseudo-label
240722e102,warning,tumor_outside_liver,24 tumor voxels are outside the automatic liver pseudo-label
240722e103,warning,tumor_outside_liver,21 tumor voxels are outside the automatic liver pseudo-label
240722e104,warning,tumor_outside_liver,4 tumor voxels are outside the automatic liver pseudo-label
240722e52,warning,tumor_outside_liver,59 tumor voxels are outside the automatic liver pseudo-label
240722e54,warning,tumor_outside_liver,2 tumor voxels are outside the automatic liver pseudo-label
240722e55,warning,tumor_outside_liver,48 tumor voxels are outside the automatic liver pseudo-label
240722e56,warning,tumor_outside_liver,158 tumor voxels are outside the automatic liver pseudo-label
240722e57,warning,tumor_outside_liver,6 tumor voxels are outside the automatic liver pseudo-label
240722e58,warning,tumor_outside_liver,98 tumor voxels are outside the automatic liver pseudo-label
240722e60,warning,tumor_outside_liver,3 tumor voxels are outside the automatic liver pseudo-label
240722e61,warning,tumor_outside_liver,78 tumor voxels are outside the automatic liver pseudo-label
240722e62,warning,tumor_outside_liver,534 tumor voxels are outside the automatic liver pseudo-label
240722e63,warning,tumor_outside_liver,64 tumor voxels are outside the automatic liver pseudo-label
240722e64,warning,tumor_outside_liver,42 tumor voxels are outside the automatic liver pseudo-label
240722e65,warning,tumor_outside_liver,610 tumor voxels are outside the automatic liver pseudo-label
240722e66,warning,tumor_outside_liver,488 tumor voxels are outside the automatic liver pseudo-label
240722e67,warning,tumor_outside_liver,63 tumor voxels are outside the automatic liver pseudo-label
240722e68,warning,tumor_outside_liver,13 tumor voxels are outside the automatic liver pseudo-label
240722e69,warning,tumor_outside_liver,532 tumor voxels are outside the automatic liver pseudo-label
240722e70,warning,tumor_outside_liver,1861 tumor voxels are outside the automatic liver pseudo-label
240722e73,warning,tumor_outside_liver,28 tumor voxels are outside the automatic liver pseudo-label
240722e74,warning,tumor_outside_liver,559 tumor voxels are outside the automatic liver pseudo-label
240722e75,warning,tumor_outside_liver,132 tumor voxels are outside the automatic liver pseudo-label
240722e76,warning,tumor_outside_liver,1453 tumor voxels are outside the automatic liver pseudo-label
240722e77,warning,tumor_outside_liver,128 tumor voxels are outside the automatic liver pseudo-label
240722e78,warning,tumor_outside_liver,40 tumor voxels are outside the automatic liver pseudo-label
240722e80,warning,tumor_outside_liver,83 tumor voxels are outside the automatic liver pseudo-label
240722e82,warning,tumor_outside_liver,456 tumor voxels are outside the automatic liver pseudo-label
240722e83,warning,tumor_outside_liver,13 tumor voxels are outside the automatic liver pseudo-label
240722e85,warning,tumor_outside_liver,273 tumor voxels are outside the automatic liver pseudo-label
240722e86,warning,tumor_outside_liver,113 tumor voxels are outside the automatic liver pseudo-label
240722e87,warning,tumor_outside_liver,114 tumor voxels are outside the automatic liver pseudo-label
240722e90,warning,tumor_outside_liver,39 tumor voxels are outside the automatic liver pseudo-label
240722e91,warning,tumor_outside_liver,1367 tumor voxels are outside the automatic liver pseudo-label
240722e92,warning,tumor_outside_liver,1 tumor voxels are outside the automatic liver pseudo-label
240722e93,warning,tumor_outside_liver,115 tumor voxels are outside the automatic liver pseudo-label
240722e94,warning,tumor_outside_liver,75 tumor voxels are outside the automatic liver pseudo-label
240722e95,warning,tumor_outside_liver,1 tumor voxels are outside the automatic liver pseudo-label
240722e96,warning,tumor_outside_liver,681 tumor voxels are outside the automatic liver pseudo-label
240722e97,warning,tumor_outside_liver,116 tumor voxels are outside the automatic liver pseudo-label
240722e98,warning,tumor_outside_liver,14 tumor voxels are outside the automatic liver pseudo-label
240722e99,warning,tumor_outside_liver,868 tumor voxels are outside the automatic liver pseudo-label
