case_id,max_origin_shift_mm,max_scale_diff,resampled,shape,spacing,tumor_mask_labels,tumor_ml,liver_mask_labels,liver_ml,tumor_in_liver,liver_air_frac_nc,liver_air_frac_art,liver_air_frac_pvp,liver_air_frac_delay,flags
230218a1,0.0,0.0,,512x512x103,0.812x0.812x5.000,0 1,12.47,0 1,1431.95,1.0,0.0004,0.0002,0.0003,0.001,
230218a10,0.0,0.0,,512x512x83,0.766x0.766x5.000,0 1,1.3,0 1,858.49,1.0,0.0004,0.0031,0.0003,0.0003,
230218a2,0.0,0.0,,512x512x91,0.654x0.654x5.000,0 1,27.48,0 1,1492.03,0.9799,0.0001,0.0009,0.0001,0.0002,
230218a3,0.0,0.0,,512x512x59,0.650x0.650x5.000,0 1,2.11,0 1,814.08,0.996,0.0003,0.0003,0.0,0.0001,
230218a4,0.0,0.0,,512x512x101,0.762x0.762x5.000,0 1,5.81,0 1,1340.63,0.9646,0.0026,0.0029,0.0017,0.0023,
230218a5,0.0,0.0,,512x512x96,0.832x0.832x5.000,0 1,120.48,0 1,1750.28,0.9713,0.0022,0.0018,0.0013,0.0023,
230218a6,0.0,0.0,,512x512x93,0.703x0.703x5.000,0 1,7.4,0 1,955.83,0.9906,0.0017,0.0002,0.0001,0.0003,
230218a7,0.0,0.0,,512x512x69,0.672x0.672x5.000,0 1,1.12,0 1,898.5,1.0,0.0006,0.0001,0.0,0.0001,
230218a8,0.0,0.0,,512x512x61,0.717x0.717x5.000,0 1,27.24,0 1,1060.12,0.9481,0.017,0.0353,0.0001,0.0009,
230218a9,0.0,0.0,,512x512x59,0.766x0.766x5.000,0 1,500.25,0 1,1513.86,0.9926,0.0012,0.0007,0.0004,0.0008,
230218b1,0.0,0.0,,512x512x61,0.738x0.738x5.000,0 1,31.63,0 1,943.22,0.9411,0.0,0.0,0.0,0.0,
230218b10,0.0,0.0,,512x512x54,0.775x0.775x5.000,0 1,4.41,0 1,977.09,0.6016,0.0002,0.0003,0.0,0.0003,tumor_outside_liver
230218b2,0.0,0.0,,512x512x60,0.684x0.684x5.000,0 1,49.72,0 1,1264.88,0.9784,0.0007,0.0002,0.0,0.0004,
230218b3,0.0,0.0,,512x512x99,0.781x0.781x5.000,0 1,24.33,0 1,733.86,0.0153,0.0006,0.0,0.0,0.0,tumor_outside_liver
230218b4,0.0,0.0,,512x512x56,0.695x0.695x5.000,0 1,13.62,0 1,849.26,0.9929,0.0001,0.0001,0.0,0.0002,
230218b5,0.0,0.0,,512x512x75,0.738x0.738x5.000,0 1,6.98,0 1,978.33,0.952,0.0008,0.0004,0.0,0.0001,
230218b6,0.0,0.0,,512x512x58,0.820x0.820x5.000,0 1,5.22,0 1,1054.76,0.846,0.0001,0.0001,0.0001,0.0002,tumor_outside_liver
230218b7,0.0,0.0,,512x512x100,0.723x0.723x5.000,0 1,83.4,0 1,1015.74,0.852,0.0,0.0,0.0,0.0,tumor_outside_liver
230218b8,0.0,0.0,,512x512x60,0.742x0.742x5.000,0 1,15.58,0 1,1250.44,0.9979,0.0015,0.0008,0.0009,0.0015,
230218b9,0.0,0.0,,512x512x86,0.684x0.684x5.000,0 1,1.24,0 1,1129.42,0.9397,0.0083,0.0009,0.0002,0.0002,
230218c1,0.0,0.0,,512x512x46,0.586x0.586x5.000,0 1,2.74,0 1,878.82,0.8649,0.0012,0.0008,0.0001,0.0002,tumor_outside_liver
230218c10,0.0,0.0,,512x512x63,0.734x0.734x5.000,0 1,160.9,0 1,1297.2,0.0331,0.0004,0.0001,0.0,0.0004,tumor_outside_liver
230218c3,0.0,0.0,,512x512x70,0.684x0.684x5.000,0 1,46.03,0 1,1433.86,0.7508,0.0009,0.0106,0.0,0.0006,tumor_outside_liver
230218c4,0.0,0.0,,512x512x58,0.717x0.717x5.000,0 1,63.92,0 1,1344.32,0.1115,0.0007,0.0008,0.0005,0.0005,tumor_outside_liver
230218c5,0.0,0.0,,512x512x67,0.783x0.783x5.000,0 1,170.14,0 1,1634.71,0.7325,0.0002,0.0003,0.0,0.0001,tumor_outside_liver
230218c6,0.0,0.0,,512x512x60,0.693x0.693x5.000,0 1,284.17,0 1,1161.63,0.3313,0.013,0.0,0.0,0.0268,tumor_outside_liver
230218c7,0.0,0.0,,512x512x56,0.711x0.711x5.000,0 1,113.7,0 1,1384.39,0.9962,0.0001,0.0003,0.0001,0.0001,
230218c8,0.0,0.0,,512x512x63,0.684x0.684x5.000,0 1,319.09,0 1,1209.34,0.5126,0.0006,0.0003,0.0,0.0005,tumor_outside_liver
230312a1,0.0,0.0,,512x512x58,0.779x0.779x5.000,0 1,2.59,0 1,1034.27,1.0,0.0014,0.0008,0.0007,0.0013,
230312a10,0.0,0.0,,512x512x51,0.686x0.686x5.000,0 1,18.66,0 1,1052.71,0.9888,0.0003,0.0003,0.0001,0.0002,
230312a11,0.0,0.0,,512x512x54,0.711x0.711x5.000,0 1,4.44,0 1,1067.43,0.9607,0.0031,0.0021,0.0018,0.015,
230312a12,0.0,0.0,,512x512x55,0.699x0.699x5.000,0 1,2.11,0 1,1194.17,0.8121,0.0368,0.0,0.0001,0.0002,tumor_outside_liver
230312a13,0.0,0.0,,512x512x49,0.715x0.715x5.000,0 1,6.21,0 1,955.48,1.0,0.0003,0.0003,0.0,0.0,
230312a14,0.0,0.0,,512x512x93,0.818x0.818x5.000,0 1,56.49,0 1,1299.72,0.9998,0.0007,0.0004,0.0001,0.0006,
230312a15,0.0,0.0,,512x512x68,0.672x0.672x5.000,0 1,775.04,0 1,2266.2,0.9958,0.0036,0.0008,0.0007,0.0015,
230312a2,0.0,0.0,,512x512x60,0.721x0.721x5.000,0 1,28.36,0 1,1201.24,0.9995,0.0003,0.0001,0.0001,0.0002,
230312a3,0.0,0.0,,512x512x53,0.721x0.721x5.000,0 1,117.0,0 1,1387.82,0.9952,0.0002,0.0005,0.0002,0.0003,
230312a4,0.0,0.0,,512x512x52,0.770x0.770x5.000,0 1,1.06,0 1,1365.48,0.8459,0.0015,0.0023,0.0006,0.0016,tumor_outside_liver
230312a5,0.0,0.0,,512x512x92,0.730x0.730x5.000,0 1,20.9,0 1,1355.23,0.9829,0.0031,0.002,0.0018,0.002,
230312a6,0.0,0.0,,512x512x58,0.604x0.604x5.000,0 1,6.75,0 1,866.29,0.7677,0.0005,0.0007,0.0002,0.0002,tumor_outside_liver
230312a7,0.0,0.0,,512x512x97,0.711x0.711x5.000,0 1,4.03,0 1,981.58,0.8809,0.0006,0.0,0.0,0.0,tumor_outside_liver
230312a8,0.0,0.0,,512x512x53,0.684x0.684x5.000,0 1,278.52,0 1,1176.36,0.7125,0.0018,0.0009,0.0004,0.0014,tumor_outside_liver
230312a9,0.0,0.0,,512x512x54,0.711x0.711x5.000,0 1,21.22,0 1,1152.14,0.9301,0.0001,0.0001,0.0,0.0001,
230408a1,0.0,0.0,,512x512x103,0.967x0.967x5.000,0 1,3.89,0 1,1367.49,1.0,0.0006,0.0017,0.0003,0.0008,
230408a11,0.0,0.0,,512x512x52,0.660x0.660x5.000,0 1,103.5,0 1,962.96,0.98,0.0018,0.0018,0.0013,0.001,
230408a12,0.0,0.0,,512x512x59,0.621x0.621x5.000,0 1,29.75,0 1,969.51,0.9968,0.002,0.0015,0.0011,0.0012,
230408a13,0.0,0.0,,512x512x50,0.668x0.668x5.000,0 1,0.75,0 1,1090.1,1.0,0.0,0.0,0.0,0.0001,
230408a3,0.0,0.0,,512x512x54,0.666x0.666x5.000,0 1,20.16,0 1,1114.17,0.9467,0.0007,0.0003,0.0,0.0,
230408a4,0.0,0.0,,512x512x60,0.586x0.586x5.000,0 1,3.48,0 1,890.15,0.9557,0.0007,0.0011,0.0,0.0009,
230408a5,0.0,0.0,,512x512x81,0.852x0.852x5.000,0 1,2.52,0 1,1118.15,0.7902,0.0007,0.0006,0.0004,0.0012,tumor_outside_liver
230408a6,0.0,0.0,,512x512x85,0.604x0.604x5.000,0 1,16.8,0 1,1010.73,1.0,0.0004,0.0001,0.0,0.0026,
230408a7,0.0,0.0,,512x512x91,0.852x0.852x5.000,0 1,0.58,0 1,1298.78,0.95,0.0004,0.001,0.0003,0.003,
230408a8,0.0,0.0,,512x512x81,0.816x0.816x5.000,0 1,5.62,0 1,1382.54,0.9134,0.0005,0.0005,0.0003,0.0009,
230408a9,0.0,0.0,,512x512x60,0.732x0.732x5.000,0 1,19.19,0 1,1136.63,0.9962,0.0016,0.0011,0.0002,0.0004,
230525a1,0.0,0.0,,512x512x52,0.703x0.703x5.000,0 1,12.04,0 1,1012.77,0.992,0.0013,0.0001,0.0,0.0001,
230525a2,0.0,0.0,,512x512x56,0.639x0.639x5.000,0 1,11.69,0 1,959.04,0.9571,0.0001,0.0019,0.0001,0.0001,
230525a3,0.0,0.0,,512x512x54,0.633x0.633x5.000,0 1,31.5,0 1,1097.35,1.0,0.11,0.0001,0.0,0.0,misaligned_nc
230525a4,0.0,0.0,,512x512x92,0.744x0.744x5.000,0 1,12.15,0 1,1277.88,0.9911,0.0034,0.0016,0.0011,0.0022,
230525a5,0.0,0.0,,512x512x104,0.730x0.730x5.000,0 1,1.81,0 1,1127.65,1.0,0.0053,0.0134,0.002,0.0038,
230525b1,0.0,0.0,,512x512x71,0.803x0.803x5.000,0 1,88.38,0 1,1216.41,0.9992,0.0001,0.0,0.0,0.0002,
230525b10,0.0,0.0,,512x512x103,0.668x0.668x5.000,0 1,68.68,0 1,1182.99,0.9982,0.0135,0.0024,0.0012,0.0013,
230525b2,0.0,0.0,,512x512x73,0.922x0.922x5.000,0 1,209.54,0 1,1935.26,0.886,0.0004,0.0004,0.0003,0.0015,tumor_outside_liver
230525b3,0.0,0.0,,512x512x58,0.633x0.633x5.000,0 1,298.4,0 1,1403.2,0.9673,0.0002,0.0001,0.0002,0.0002,
230525b4,0.0,0.0,,512x512x46,0.635x0.635x5.000,0 1,3.6,0 1,666.14,1.0,0.0001,0.0001,0.0,0.0,
230525b5,0.0,0.0,,512x512x56,0.752x0.752x5.000,0 1,207.7,0 1,1257.08,0.9894,0.0011,0.0001,0.0,0.0001,
230525b6,0.0,0.0,,512x512x99,0.754x0.754x5.000,0 1,75.76,0 1,1017.99,0.9965,0.0001,0.0002,0.0001,0.0005,
230525b7,0.0,0.0,,512x512x57,0.680x0.680x5.000,0 1,5.4,0 1,1265.29,0.9705,0.0749,0.0003,0.0,0.1164,misaligned_delay
230525b8,0.0,0.0,,512x512x62,0.791x0.791x5.000,0 1,165.44,0 1,1359.66,0.9967,0.015,0.0136,0.0001,0.0025,
230525b9,0.0,0.0,,512x512x70,0.782x0.782x5.000,0 1,34.69,0 1,1085.56,0.8369,0.0007,0.0007,0.0001,0.0003,tumor_outside_liver
230525c1,0.0,0.0,,512x512x71,0.807x0.807x5.000,0 1,202.57,0 1,1965.54,0.9706,0.0006,0.0167,0.0002,0.0056,
230525c10,0.0,0.0,,512x512x55,0.693x0.693x5.000,0 1,388.48,0 1,1539.88,0.9666,0.0004,0.0003,0.0001,0.0003,
230525c2,0.0,0.0,,512x512x71,0.782x0.782x5.000,0 1,857.28,0 1,2232.69,0.9183,0.0009,0.0005,0.0003,0.0,
230525c3,0.0,0.0,,512x512x79,0.782x0.782x5.000,0 1,344.77,0 1,1428.88,0.9691,0.0007,0.0037,0.0003,0.0008,
230525c4,0.0,0.0,,512x512x78,0.785x0.785x5.000,0 1,306.2,0 1,1932.09,0.9982,0.0008,0.0022,0.0005,0.0007,
230525c5,0.0,0.0,,512x512x53,0.605x0.605x5.000,0 1,117.98,0 1,918.64,0.3973,0.2564,0.0005,0.0004,0.0012,tumor_outside_liver misaligned_nc
230525c7,0.0,0.0,,512x512x51,0.621x0.621x5.000,0 1,73.89,0 1,928.8,0.9122,0.0002,0.0003,0.0001,0.0001,
230525c8,0.0,0.0,,512x512x70,0.629x0.629x5.000,0 1,40.98,0 1,949.45,0.9452,0.0001,0.0001,0.0,0.0001,
230525c9,0.0,0.0,,512x512x60,0.615x0.615x5.000,0 1,338.5,0 1,1504.55,0.9308,0.0001,0.0001,0.0,0.0001,
230525d1,0.0,0.0,,512x512x62,0.715x0.715x5.000,0 1,9.92,0 1,1748.98,0.9871,0.0002,0.0001,0.0,0.0002,
230525d10,0.0,0.0,,512x512x99,0.750x0.750x5.000,0 1,130.47,0 1,1640.19,0.9816,0.0,0.0,0.0,0.0,
230525d2,0.0,0.0,,512x512x57,0.611x0.611x5.000,0 1,84.84,0 1,1083.75,0.9825,0.0006,0.0004,0.0003,0.0012,
230525d3,0.0,0.0,,512x512x51,0.782x0.782x5.000,0 1,125.3,0 1,1008.5,0.8592,0.0003,0.0006,0.0006,0.0003,tumor_outside_liver
230525d4,0.0,0.0,,512x512x66,0.775x0.775x5.000,0 1,200.96,0 1,1288.03,0.9936,0.0046,0.001,0.0006,0.0016,
230525d5,0.0,0.0,,512x512x69,0.782x0.782x5.000,0 1,214.03,0 1,1491.07,0.898,0.0172,0.0,0.0002,0.0132,tumor_outside_liver
230525d6,0.0,0.0,,512x512x73,0.809x0.809x5.000,0 1,74.81,0 1,1569.22,0.9946,0.005,0.0025,0.0002,0.0161,
230525d7,0.0,0.0,,512x512x61,0.838x0.838x5.000,0 1,124.67,0 1,1645.03,0.9709,0.0002,0.0,0.0,0.0001,
230525d8,0.0,0.0,,512x512x63,0.750x0.750x5.000,0 1,252.26,0 1,1995.89,0.9882,0.0002,0.0003,0.0,0.0,
230525d9,0.0,0.0,,512x512x57,0.623x0.623x5.000,0 1,121.27,0 1,1393.0,0.9996,0.002,0.002,0.0019,0.002,
230816b01,0.0,0.0,,512x512x66,0.859x0.859x5.000,0 1,19.23,0 1,1206.13,1.0,0.0011,0.0006,0.0002,0.0007,
230816b02,0.0,0.0,,512x512x97,0.715x0.715x5.000,0 1,2.64,0 1,1517.51,1.0,0.0014,0.0004,0.0,0.0001,
230816b03,0.0,0.0,,512x512x64,0.693x0.693x5.000,0 1,25.84,0 1,1316.91,0.9675,0.0002,0.0,0.0,0.0002,
230816b04,0.0,0.0,,512x512x80,0.670x0.670x5.000,0 1,133.14,0 1,1125.95,0.9969,0.0005,0.0001,0.0,0.0,
230816b05,0.0,0.0,,512x512x49,0.684x0.684x5.000,0 1,4.44,0 1,1050.71,1.0,0.0,0.0,0.0,0.0,
230816b06,0.0,0.0,,512x512x65,0.758x0.758x5.000,0 1,232.69,0 1,1193.79,0.9958,0.0804,0.0001,0.0,0.0762,
230816b07,0.0,0.0,,512x512x61,0.771x0.771x5.000,0 1,2.47,0 1,1700.11,0.9242,0.0019,0.0018,0.0016,0.0018,
230816b08,0.0,0.0,,512x512x61,0.729x0.729x5.000,0 1,12.24,0 1,1287.74,1.0,0.0004,0.0005,0.0003,0.0005,
230816b09,0.0,0.0,,512x512x53,0.742x0.742x5.000,0 1,281.47,0 1,1285.83,0.9998,0.0008,0.0005,0.0004,0.0005,
230816b10,0.0,0.0,,512x512x70,0.709x0.709x5.000,0 1,360.85,0 1,1178.61,0.8881,0.0048,0.0006,0.0001,0.0024,tumor_outside_liver
230816b11,0.0,0.0,,512x512x68,0.771x0.771x5.000,0 1,37.36,0 1,1445.73,0.8768,0.0002,0.0004,0.0,0.0003,tumor_outside_liver
230816b12,0.0,0.0,,512x512x105,0.748x0.748x5.000,0 1,339.09,0 1,1866.36,0.9924,0.0019,0.0011,0.0007,0.0027,
230816b13,0.0,0.0,,512x512x63,0.660x0.660x5.000,0 1,20.44,0 1,1093.82,0.9792,0.0,0.0,0.0,0.0001,
230816b14,0.0,0.0,,512x512x65,0.650x0.650x5.000,0 1,18.62,0 1,1069.79,0.9817,0.4097,0.0002,0.0002,0.0037,misaligned_nc
230816b15,0.0,0.0,,512x512x98,0.773x0.773x5.000,0 1,152.89,0 1,1323.25,0.9731,0.0,0.0,0.0,0.0,
230906d01,5.5,0.0285,phase_0,512x512x105,0.754x0.754x5.000,0 1,32.26,0 1,1585.31,1.0,0.0113,0.0006,0.0002,0.008,
230906d02,3.7,0.0029,phase_1 phase_3,512x512x51,0.662x0.662x5.000,0 1,11.3,0 1,847.4,1.0,0.0735,0.0015,0.0002,0.0053,
230906d03,0.0,0.0,,512x512x72,0.782x0.782x5.000,0 1,304.52,0 1,1583.7,0.9646,0.0172,0.0282,0.0001,0.3085,misaligned_delay
230906d04,0.0,0.0,,512x512x91,0.662x0.662x5.000,0 1,39.22,0 1,1138.27,0.9779,0.0001,0.0001,0.0001,0.0001,
230906d05,0.0,0.0,,512x512x104,0.785x0.785x5.000,0 1,22.37,0 1,1774.6,0.9968,0.2859,0.0675,0.0012,0.2658,misaligned_nc misaligned_delay
230906d06,0.0,0.0,,512x512x100,0.782x0.782x5.000,0 1,101.01,0 1,1110.34,0.9998,0.0003,0.0,0.0,0.0027,
230906d07,0.0,0.0,,512x512x57,0.742x0.742x5.000,0 1,5.22,0 1,1190.17,0.9995,0.007,0.0002,0.0,0.0004,
230906d08,0.0,0.0,,512x512x71,0.697x0.697x5.000,0 1,366.46,0 1,1490.4,0.8911,0.0731,0.1213,0.0001,0.2421,tumor_outside_liver misaligned_art misaligned_delay
230906d09,0.0,0.0,,512x512x65,0.703x0.703x5.000,0 1,87.13,0 1,1411.07,0.6225,0.0001,0.0002,0.0,0.0006,tumor_outside_liver
230906d10,4.2,0.0,phase_0 phase_1,512x512x57,0.656x0.656x5.000,0 1,142.88,0 1,1342.69,0.9753,0.018,0.0125,0.0021,0.0078,
230906d11,0.0,0.0,,512x512x54,0.782x0.782x5.000,0 1,150.71,0 1,1063.84,0.9987,0.0002,0.0008,0.0002,0.0002,
230906d12,3.9,0.0,phase_0 phase_1,512x512x43,0.559x0.559x5.000,0 1,48.59,0 1,1156.68,1.0,0.2143,0.1802,0.0014,0.0231,misaligned_nc misaligned_art
230906d13,0.0,0.0,,512x512x68,0.750x0.750x5.000,0 1,2.95,0 1,1372.58,0.459,0.0011,0.001,0.0005,0.001,tumor_outside_liver
230906d14,0.0,0.0,,512x512x102,0.770x0.770x5.000,0 1,425.36,0 1,1817.19,0.9948,0.0034,0.0032,0.002,0.0037,
230906d15,0.0,0.0,,512x512x113,0.738x0.738x5.000,0 1,142.4,0 1,1733.95,0.867,0.0003,0.0003,0.0001,0.0003,tumor_outside_liver
231025c01,0.0,0.0,,512x512x75,0.748x0.748x5.000,0 1,161.01,0 1,1097.34,0.9625,0.001,0.0007,0.0002,0.0003,
231025c02,0.0,0.0,,512x512x79,0.684x0.684x5.000,0 1,2037.81,0 1,2412.27,0.6545,0.0038,0.0018,0.0008,0.0053,tumor_outside_liver
231025c03,0.0,0.0,,512x512x95,0.727x0.727x5.000,0 1,69.73,0 1,1230.94,0.4953,0.0012,0.0004,0.0002,0.0006,tumor_outside_liver
231025c04,0.0,0.0,,512x512x58,0.742x0.742x5.000,0 1,970.2,0 1,1638.68,0.4991,0.0003,0.0002,0.0001,0.0005,tumor_outside_liver
231025c05,0.0,0.0,,512x512x56,0.637x0.637x5.000,0 1,282.05,0 1,1559.61,0.9092,0.0003,0.0002,0.0,0.0,
231025c06,0.0,0.0,,512x512x53,0.684x0.684x5.000,0 1,262.02,0 1,1190.22,0.9468,0.0004,0.0004,0.0001,0.0003,
231025c07,0.0,0.0,,512x512x56,0.721x0.721x5.000,0 1,285.98,0 1,1498.04,0.6284,0.0001,0.0001,0.0,0.0001,tumor_outside_liver
231025c08,0.0,0.0,,512x512x102,0.736x0.736x5.000,0 1,240.53,0 1,1543.45,0.8508,0.0003,0.0005,0.0002,0.0004,tumor_outside_liver
231025c09,0.0,0.0,,512x512x58,0.637x0.637x5.000,0 1,478.68,0 1,1644.64,0.966,0.0003,0.0003,0.0001,0.0003,
231025c10,0.0,0.0,,512x512x75,0.719x0.719x5.000,0 1,3919.04,0 1,4803.72,0.7523,0.0009,0.0007,0.0004,0.0005,tumor_outside_liver
231025c11,0.0,0.0,,512x512x70,0.684x0.684x5.000,0 1,2065.03,0 1,1726.26,0.2836,0.0011,0.0012,0.0005,0.0011,tumor_outside_liver
231025c12,0.0,0.0,,512x512x66,0.707x0.707x5.000,0 1,152.49,0 1,1158.96,0.9323,0.0001,0.0002,0.0,0.0037,
231025c13,0.0,0.0,,512x512x104,0.748x0.748x5.000,0 1,4556.5,0 1,3273.26,0.4995,0.0005,0.0003,0.0001,0.0004,tumor_outside_liver
231025c14,0.0,0.0,,512x512x95,0.773x0.773x5.000,0 1,130.34,0 1,1356.89,0.2067,0.0019,0.0017,0.0012,0.0014,tumor_outside_liver
231025c15,0.0,0.0,,512x512x60,0.684x0.684x5.000,0 1,249.41,0 1,1404.64,0.9434,0.0008,0.0009,0.0001,0.0015,
231025c16,0.0,0.0,,512x512x81,0.782x0.782x5.000,0 1,5172.78,0 1,6215.26,0.9063,0.001,0.0019,0.0003,0.0011,
231025c17,0.0,0.0,,512x512x69,0.859x0.859x5.000,0 1,466.44,0 1,1651.06,0.3304,0.0077,0.0005,0.0,0.0002,tumor_outside_liver
231025c18,0.0,0.0,,512x512x60,0.684x0.684x5.000,0 1,189.12,0 1,1242.94,0.9608,0.0011,0.0005,0.0004,0.0009,
231025c19,0.0,0.0,,512x512x74,0.782x0.782x5.000,0 1,202.3,0 1,1017.91,0.7583,0.0045,0.0037,0.0003,0.0008,tumor_outside_liver
231025c20,0.0,0.0,,512x512x49,0.684x0.684x5.000,0 1,434.78,0 1,1512.99,0.9456,0.007,0.0053,0.0012,0.0096,
231025c21,0.0,0.0,,512x512x60,0.816x0.816x5.000,0 1,533.75,0 1,1481.59,0.8223,0.001,0.0003,0.0002,0.0008,tumor_outside_liver
231025c22,0.0,0.0,,512x512x57,0.705x0.705x5.000,0 1,241.3,0 1,1257.53,0.8381,0.0055,0.0002,0.0001,0.0034,tumor_outside_liver
231025c23,0.0,0.0,,512x512x56,0.809x0.809x5.000,0 1,94.13,0 1,1740.52,0.0101,0.0,0.0,0.0,0.0,tumor_outside_liver
231025c24,0.0,0.0,,512x512x60,0.684x0.684x5.000,0 1,1255.81,0 1,2385.91,0.948,0.0019,0.001,0.0006,0.0056,
231025c25,0.0,0.0,,512x512x60,0.684x0.684x5.000,0 1,54.5,0 1,935.15,0.9379,0.0001,0.0,0.0,0.0003,
231025c26,0.0,0.0,,512x512x65,0.674x0.674x5.000,0 1,386.86,0 1,1189.7,0.5445,0.0003,0.0002,0.0001,0.0001,tumor_outside_liver
231025c27,0.0,0.0,,512x512x102,0.801x0.801x5.000,0 1,588.6,0 1,1350.92,0.3605,0.0029,0.002,0.0003,0.002,tumor_outside_liver
231025c28,0.0,0.0,,512x512x86,0.721x0.721x5.000,0 1,252.63,0 1,1594.06,0.9837,0.0003,0.0005,0.0001,0.0006,
231025c29,0.0,0.0,,512x512x55,0.664x0.664x5.000,0 1,1177.17,0 1,2041.54,0.6432,0.0002,0.0,0.0,0.0001,tumor_outside_liver
231025c30,0.0,0.0,,512x512x60,0.684x0.684x5.000,0 1,93.82,0 1,981.84,0.5209,0.0,0.0001,0.0,0.0002,tumor_outside_liver
231025c31,0.0,0.0,,512x512x90,0.684x0.684x5.000,0 1,1010.64,0 1,2161.88,0.854,0.0016,0.0052,0.0002,0.0008,tumor_outside_liver
231025c32,0.0,0.0,,512x512x64,0.782x0.782x5.000,0 1,907.86,0 1,1777.1,0.4773,0.0016,0.0001,0.0001,0.0015,tumor_outside_liver
231025c33,0.0,0.0,,512x512x63,0.697x0.697x5.000,0 1,360.65,0 1,1293.45,0.7161,0.0013,0.0007,0.0003,0.0004,tumor_outside_liver
231025c34,0.0,0.0,,512x512x88,0.688x0.688x5.000,0 1,191.67,0 1,1175.53,0.7713,0.0008,0.0022,0.0001,0.0002,tumor_outside_liver
231025c35,0.0,0.0,,512x512x97,0.693x0.693x5.000,0 1,402.56,0 1,1526.6,0.8092,0.0052,0.0081,0.001,0.0052,tumor_outside_liver
231109b01,169.0,0.0466,liver_mask,512x512x105,0.797x0.797x5.000,0 1,18.83,0 1,1143.55,0.1821,0.4142,0.4095,0.4063,0.4129,tumor_outside_liver misaligned_nc misaligned_art misaligned_pvp misaligned_delay
231109b02,0.0,0.0,,512x512x54,0.660x0.660x5.000,0 1,48.36,0 1,1112.69,0.9941,0.0002,0.0003,0.0001,0.0002,
231109b03,0.0,0.0,,512x512x101,0.730x0.730x5.000,0 1,66.88,0 1,1398.1,0.99,0.0002,0.0016,0.0002,0.002,
231109b04,0.0,0.0,,512x512x64,0.703x0.703x5.000,0 1,117.95,0 1,1204.91,0.9632,0.0,0.0,0.0001,0.0003,
231109b05,0.0,0.0,,512x512x103,0.789x0.789x5.000,0 1,50.92,0 1,1215.37,0.9583,0.0015,0.0001,0.0,0.0,
231109b06,0.0,0.0,,512x512x67,0.782x0.782x5.000,0 1,246.25,0 1,1601.51,0.9788,0.0002,0.0003,0.0001,0.0003,
231109b07,0.0,0.0,,512x512x56,0.725x0.725x5.000,0 1,9.04,0 1,1537.52,1.0,0.0,0.0,0.0,0.0001,
231109b08,0.0,0.0,,512x512x58,0.791x0.791x5.000,0 1,423.79,0 1,1499.89,0.9882,0.0,0.0001,0.0,0.0,
231109b09,0.0,0.0,,512x512x66,0.805x0.805x5.000,0 1,220.27,0 1,1954.88,0.9553,0.0005,0.0001,0.0001,0.0002,
231109b10,0.0,0.0,,512x512x54,0.691x0.691x5.000,0 1,12.96,0 1,1035.0,1.0,0.0003,0.0002,0.0003,0.0006,
231109b11,0.0,0.0,,512x512x59,0.646x0.646x5.000,0 1,39.4,0 1,1347.19,0.9576,0.0013,0.0152,0.0,0.0015,
231109b12,0.0,0.0,,512x512x78,0.711x0.711x5.000,0 1,20.74,0 1,1773.11,1.0,0.0012,0.0004,0.0001,0.001,
231109b13,0.0,0.0,,512x512x58,0.779x0.779x5.000,0 1,52.51,0 1,1235.02,0.9923,0.0003,0.0002,0.0001,0.0005,
231109b14,0.0,0.0,,512x512x55,0.758x0.758x5.000,0 1,11.92,0 1,1064.83,0.9884,0.0001,0.0002,0.0,0.0001,
231109b15,0.0,0.0,,512x512x71,0.680x0.680x5.000,0 1,64.33,0 1,1170.22,0.7192,0.0004,0.0001,0.0,0.0,tumor_outside_liver
231109b16,0.0,0.0,,512x512x52,0.660x0.660x5.000,0 1,67.36,0 1,1222.87,0.9633,0.0081,0.002,0.0015,0.0019,
231109b17,0.0,0.0,,512x512x49,0.650x0.650x5.000,0 1,6.43,0 1,876.06,1.0,0.0005,0.0005,0.0001,0.0011,
231109b18,0.0,0.0,,512x512x64,0.660x0.660x5.000,0 1,574.15,0 1,1692.4,0.994,0.0012,0.0015,0.0009,0.0015,
231109b19,0.0,0.0,,512x512x60,0.705x0.705x5.000,0 1,4.51,0 1,1121.65,0.9835,0.0004,0.0009,0.0002,0.0007,
231206d01,0.0,0.0,,512x512x68,0.689x0.689x5.000,0 1,112.1,0 1,1305.2,0.9997,0.0008,0.0036,0.0,0.038,
231206d02,0.0,0.0,,512x512x64,0.742x0.742x5.000,0 1,208.96,0 1,1688.76,0.9972,0.0016,0.0016,0.0014,0.0084,
231206d03,0.0,0.0,,512x512x102,0.764x0.764x5.000,0 1,73.86,0 1,1336.83,0.9974,0.0004,0.0006,0.0003,0.0007,
231206d04,0.0,0.0,,512x512x60,0.719x0.719x5.000,0 1,52.0,0 1,925.45,0.9977,0.025,0.0031,0.0,0.0,
231206d05,0.0,0.0,,512x512x93,0.703x0.703x5.000,0 1,116.83,0 1,1042.56,0.9873,0.0003,0.0003,0.0001,0.001,
231206d06,0.0,0.0,,512x512x56,0.691x0.691x5.000,0 1,87.06,0 1,1054.82,0.9976,0.0023,0.0038,0.0001,0.0082,
231206d07,0.0,0.0,,512x512x108,0.926x0.926x5.000,0 1,3.9,0 1,1797.98,1.0,0.001,0.0007,0.0003,0.0011,
231206d08,0.0,0.0,,512x512x94,0.709x0.709x5.000,0 1,259.42,0 1,1680.96,0.9929,0.0003,0.0005,0.0002,0.0004,
231206d09,0.0,0.0,,512x512x112,0.900x0.900x5.000,0 1,15.32,0 1,1627.47,1.0,0.0012,0.0019,0.0007,0.0018,
231206d10,0.0,0.0,,512x512x58,0.782x0.782x5.000,0 1,20.49,0 1,1143.43,0.9849,0.0308,0.016,0.0,0.0001,
231206d12,0.0,0.0,,512x512x108,0.803x0.803x5.000,0 1,81.42,0 1,1646.91,0.9648,0.0013,0.0017,0.0003,0.002,
231206d13,0.0,0.0,,512x512x48,0.586x0.586x5.000,0 1,43.18,0 1,978.45,0.9979,0.0012,0.0026,0.0,0.0225,
231206d14,0.0,0.0,,512x512x108,0.807x0.807x5.000,0 1,40.73,0 1,1193.37,0.8886,0.0002,0.001,0.0003,0.001,tumor_outside_liver
231206d15,0.0,0.0,,512x512x65,0.768x0.768x5.000,0 1,5.8,0 1,1587.15,1.0,0.0161,0.0015,0.0003,0.0007,
231206d16,0.0,0.0,,512x512x94,0.703x0.703x5.000,0 1,27.45,0 1,1165.73,0.9976,0.0002,0.0003,0.0001,0.0008,
231206d18,1.5,0.0081,phase_0 phase_1 phase_3,512x512x64,0.725x0.725x5.000,0 1,49.39,0 1,1375.89,0.9641,0.1079,0.0059,0.0001,0.2316,misaligned_nc misaligned_delay
231206d19,0.0,0.0,,512x512x60,0.635x0.635x5.000,0 1,18.94,0 1,768.8,0.0055,0.1323,0.0016,0.0026,0.0992,tumor_outside_liver misaligned_nc
231206d20,0.0,0.0,,512x512x90,0.656x0.656x5.000,0 1,375.61,0 1,1525.8,0.9979,0.0006,0.0005,0.0001,0.0007,
240112d11,0.0,0.0,,512x512x97,0.820x0.820x5.000,0 1,116.3,0 1,1799.1,0.9403,0.0002,0.0002,0.0001,0.0005,
240112d17,0.0,0.0,,512x512x107,0.734x0.734x5.000,0 1,112.42,0 1,1690.26,0.9227,0.0007,0.0034,0.0004,0.0019,
240112d21,0.0,0.0,,512x512x107,0.836x0.836x5.000,0 1,63.93,0 1,1395.1,0.8984,0.0003,0.0,0.0,0.0,tumor_outside_liver
240112d23,3.8,0.0,phase_0 phase_1,512x512x61,0.705x0.705x5.000,0 1,4.41,0 1,1029.71,1.0,0.028,0.0507,0.0,0.0016,
240112d24,0.0,0.0,,512x512x86,0.754x0.754x5.000,0 1,91.99,0 1,1279.26,0.8495,0.0002,0.0,0.0001,0.0001,tumor_outside_liver
240112d25,0.0,0.0,,512x512x106,0.715x0.715x5.000,0 1,19.12,0 1,1921.2,0.9678,0.0002,0.0004,0.0002,0.0007,
240112d26,0.0,0.0,,512x512x58,0.766x0.766x5.000,0 1,206.76,0 1,1851.65,0.9972,0.0012,0.0008,0.0011,0.0008,
240112d27,4.75,0.0,phase_0,512x512x60,0.684x0.684x5.000,0 1,13.59,0 1,1074.67,0.2953,0.0015,0.0006,0.0,0.0006,tumor_outside_liver
240112d28,0.0,0.0,,512x512x98,0.695x0.695x5.000,0 1,15.39,0 1,1347.67,0.9579,0.0007,0.0009,0.0001,0.0003,
240112d29,0.0,0.0,,512x512x56,0.654x0.654x5.000,0 1,39.05,0 1,1481.83,0.9667,0.05,0.0652,0.0,0.1214,misaligned_delay
240112d30,0.0,0.0,,512x512x61,0.586x0.586x5.000,0 1,2.06,0 1,870.0,0.9733,0.028,0.0009,0.0028,0.0224,
240112d31,0.0,0.0,,512x512x61,0.742x0.742x5.000,0 1,166.92,0 1,1793.48,0.9405,0.0012,0.0009,0.0001,0.0005,
240112d32,0.0,0.0,,512x512x63,0.785x0.785x5.000,0 1,22.72,0 1,1658.73,0.974,0.044,0.031,0.0004,0.0228,
240112d33,0.0,0.0,,512x512x68,0.867x0.867x5.000,0 1,10.95,0 1,1592.19,0.9856,0.0215,0.0011,0.0004,0.1501,misaligned_delay
240112d34,0.0,0.0,,512x512x64,0.660x0.660x5.000,0 1,152.31,0 1,1323.55,0.9846,0.0,0.001,0.0003,0.0016,
240112d35,0.0,0.0,,512x512x70,0.742x0.742x5.000,0 1,15.94,0 1,1197.53,1.0,0.0013,0.0005,0.0003,0.0916,
240112d36,0.0,0.0,,512x512x105,0.773x0.773x5.000,0 1,91.08,0 1,1365.88,1.0,0.001,0.0015,0.0003,0.0012,
240112d37,0.0,0.0,,512x512x110,0.717x0.717x5.000,0 1,149.09,0 1,1398.98,0.9976,0.0006,0.0005,0.0001,0.0003,
240112d38,0.0,0.0,,512x512x100,0.719x0.719x5.000,0 1,472.36,0 1,1769.49,0.9833,0.0009,0.001,0.0004,0.0007,
240112d39,0.0,0.0,,512x512x91,0.782x0.782x5.000,0 1,13.26,0 1,1168.08,0.979,0.0006,0.0007,0.0001,0.0018,
240112d40,0.5,0.002,phase_0,512x512x66,0.965x0.965x5.000,0 1,155.98,0 1,2067.99,0.0669,0.0522,0.0001,0.0001,0.0,tumor_outside_liver
240112d41,0.0,0.0,,512x512x54,0.688x0.688x5.000,0 1,210.21,0 1,1761.5,0.922,0.0197,0.0067,0.0,0.0006,
240112d42,0.0,0.0,,512x512x102,0.832x0.832x5.000,0 1,20.32,0 1,1068.74,0.2155,0.0694,0.0016,0.0007,0.0013,tumor_outside_liver
240112d43,0.0,0.0,,512x512x92,0.795x0.795x5.000,0 1,29.79,0 1,1102.95,0.9716,0.0201,0.0114,0.0003,0.0017,
240112d44,0.0,0.0,,512x512x102,0.754x0.754x5.000,0 1,667.27,0 1,1832.74,0.9966,0.153,0.0007,0.0002,0.0008,misaligned_nc
240122d22,0.0,0.0,,512x512x89,0.688x0.688x5.000,0 1,139.29,0 1,1240.0,0.9458,0.0008,0.002,0.0002,0.0001,
240122d45,0.0,0.0,,512x512x92,0.785x0.785x5.000,0 1,42.46,0 1,1449.29,0.9747,0.0003,0.0008,0.0002,0.0,
240122d46,0.0,0.0,,512x512x64,0.768x0.768x5.000,0 1,8.1,0 1,998.09,1.0,0.0387,0.0379,0.0005,0.0243,
240122d47,0.0,0.0,,512x512x54,0.723x0.723x5.000,0 1,105.48,0 1,1033.81,0.9822,0.0001,0.0001,0.0001,0.0002,
240122d48,0.0,0.0,,512x512x57,0.782x0.782x5.000,0 1,121.58,0 1,1104.55,0.8976,0.0397,0.0029,0.0002,0.0194,tumor_outside_liver
240122d49,0.0,0.0,,512x512x71,0.782x0.782x5.000,0 1,172.3,0 1,1570.56,0.9905,0.0007,0.0004,0.0002,0.0004,
240122d50,0.0,0.0,,512x512x94,0.650x0.650x5.000,0 1,214.47,0 1,1416.7,0.9982,0.0034,0.0032,0.0022,0.0028,
240122d51,0.0,0.0,,512x512x58,0.782x0.782x5.000,0 1,27.7,0 1,1290.2,0.981,0.0012,0.0019,0.0012,0.0034,
240122d52,0.0,0.0,,512x512x65,0.846x0.846x5.000,0 1,98.1,0 1,1484.72,0.981,0.0001,0.0002,0.0001,0.0003,
240122d53,1.3,0.0026,phase_0 phase_1 phase_3,512x512x61,0.766x0.766x5.000,0 1,234.18,0 1,1529.93,0.9996,0.002,0.0009,0.0013,0.0051,
240122d54,0.0,0.0,,512x512x62,0.688x0.688x5.000,0 1,216.55,0 1,1196.27,0.4837,0.0007,0.0005,0.0002,0.0002,tumor_outside_liver
240122d55,9.0,0.0453,phase_0,512x512x60,0.775x0.775x5.000,0 1,48.81,0 1,1410.62,0.9648,0.0306,0.0309,0.0002,0.029,
240122d56,0.0,0.0,,512x512x100,0.824x0.824x5.000,0 1,15.33,0 1,1211.92,0.99,0.0009,0.0002,0.0001,0.0004,
240122d57,0.0,0.0,,512x512x92,0.794x0.794x5.000,0 1,74.4,0 1,1423.0,0.9692,0.0011,0.0003,0.0005,0.0003,
240122d58,0.0,0.0,,512x512x101,0.738x0.738x5.000,0 1,28.85,0 1,1269.62,1.0,0.0004,0.0003,0.0001,0.0004,
240122d59,0.0,0.0,,512x512x66,0.824x0.824x5.000,0 1,293.54,0 1,1961.78,0.9934,0.0145,0.0457,0.0,0.006,
240122d60,0.0,0.0,,512x512x97,0.680x0.680x5.000,0 1,48.33,0 1,1340.09,0.9989,0.0002,0.0008,0.0002,0.0003,
240122d61,0.0,0.0,,512x512x54,0.668x0.668x5.000,0 1,207.6,0 1,1268.23,0.8972,0.0683,0.0282,0.0067,0.0015,tumor_outside_liver
240122d62,0.0,0.0,,512x512x88,0.684x0.684x5.000,0 1,12.13,0 1,976.55,0.9692,0.0006,0.0381,0.0002,0.0015,
240122d63,0.0,0.0,,512x512x58,0.707x0.707x5.000,0 1,366.24,0 1,1674.31,0.9947,0.0002,0.0,0.0,0.0,
240122d64,0.0,0.0,,512x512x54,0.738x0.738x5.000,0 1,22.21,0 1,1069.97,0.9963,0.0005,0.0003,0.0,0.0001,
240122d65,2.6,0.0081,phase_0 phase_1 phase_3,512x512x48,0.725x0.725x5.000,0 1,55.67,0 1,1125.83,0.6522,0.0031,0.0009,0.0002,0.0202,tumor_outside_liver
240122d66,0.0,0.0,,512x512x100,0.730x0.730x5.000,0 1,32.36,0 1,1717.48,0.9778,0.0002,0.0001,0.0001,0.0001,
240122d67,0.0,0.0,,512x512x60,0.684x0.684x5.000,0 1,103.77,0 1,840.87,0.5512,0.0002,0.0001,0.0,0.0001,tumor_outside_liver
240122d68,1.5,0.0028,phase_0 phase_1 phase_3,512x512x53,0.705x0.705x5.000,0 1,111.02,0 1,1125.57,0.9366,0.0328,0.0195,0.0011,0.0059,
240122d69,0.0,0.0,,512x512x45,0.684x0.684x5.000,0 1,270.7,0 1,1099.65,0.9504,0.0054,0.0031,0.0003,0.0024,
240122d70,9.1,0.0,phase_0 phase_1 phase_3,512x512x57,0.684x0.684x5.000,0 1,16.94,0 1,1411.25,0.9908,0.0654,0.001,0.0003,0.1297,misaligned_delay
240122d71,0.0,0.0,,512x512x70,0.633x0.633x5.000,0 1,102.11,0 1,1253.82,0.9993,0.0094,0.0003,0.0001,0.0004,
240122d72,0.0,0.0,,512x512x56,0.693x0.693x5.000,0 1,11.4,0 1,1299.24,1.0,0.0787,0.0044,0.0,0.0016,
240122d73,0.0,0.0,,512x512x99,0.627x0.627x5.000,0 1,27.4,0 1,1074.42,0.9487,0.0006,0.0265,0.0,0.0,
240122d74,0.0,0.0,,512x512x62,0.738x0.738x5.000,0 1,16.05,0 1,1039.03,0.9828,0.0018,0.0003,0.0001,0.0001,
240122d75,0.5,0.003,phase_0 phase_1 phase_3,512x512x56,0.654x0.654x5.000,0 1,48.09,0 1,1074.05,0.9972,0.0004,0.0,0.0,0.0013,
240229c01,0.0,0.0,,512x512x65,0.740x0.740x5.000,0 1,245.75,0 1,1126.89,0.9846,0.1465,0.0613,0.0001,0.0001,misaligned_nc
240229c02,0.0,0.0,,512x512x70,0.691x0.691x5.000,0 1,494.05,0 1,1853.92,0.5725,0.089,0.0125,0.0,0.0007,tumor_outside_liver
240229c03,0.0,0.0,,512x512x65,0.782x0.782x5.000,0 1,1973.11,0 1,3095.72,0.9374,0.0015,0.0012,0.0005,0.0005,
240229c04,0.0,0.0,,512x512x98,0.713x0.713x5.000,0 1,248.04,0 1,1419.99,0.984,0.001,0.0004,0.0002,0.0004,
240229c05,0.0,0.0,,512x512x55,0.660x0.660x5.000,0 1,159.99,0 1,1003.52,0.788,0.0001,0.0009,0.0001,0.0002,tumor_outside_liver
240229c06,0.0,0.0,,512x512x64,0.742x0.742x5.000,0 1,321.26,0 1,1636.25,0.8263,0.0001,0.0003,0.0001,0.0003,tumor_outside_liver
240229c07,0.0,0.0,,512x512x65,0.705x0.705x5.000,0 1,106.89,0 1,1151.96,0.7691,0.0006,0.0007,0.0,0.0003,tumor_outside_liver
240229c08,0.0,0.0,,512x512x50,0.707x0.707x5.000,0 1,261.87,0 1,1064.57,0.3414,0.0021,0.0011,0.0,0.0092,tumor_outside_liver
240229c09,0.0,0.0,,512x512x62,0.691x0.691x5.000,0 1,199.9,0 1,1372.54,0.9986,0.0002,0.0013,0.0001,0.0011,
240229c10,0.0,0.0,,512x512x63,0.834x0.834x5.000,0 1,146.13,0 1,2011.85,0.6717,0.001,0.002,0.0001,0.0002,tumor_outside_liver
240229c11,0.0,0.0,,512x512x60,0.732x0.732x5.000,0 1,7.67,0 1,1017.01,0.0,0.0042,0.0002,0.0001,0.0003,tumor_outside_liver
240229c12,0.0,0.0,,512x512x98,0.839x0.839x5.000,0 1,310.34,0 1,1112.31,0.417,0.0002,0.0004,0.0001,0.0,tumor_outside_liver
240229c13,0.0,0.0,,512x512x62,0.782x0.782x5.000,0 1,264.26,0 1,1849.62,0.8903,0.0006,0.0003,0.0001,0.0002,tumor_outside_liver
240229c14,0.0,0.0,,512x512x96,0.742x0.742x5.000,0 1,551.46,0 1,1454.7,0.7247,0.0018,0.002,0.0006,0.0011,tumor_outside_liver
240229c15,0.0,0.0,,512x512x90,0.600x0.600x5.000,0 1,385.74,0 1,1234.89,0.5123,0.0006,0.0003,0.0,0.0004,tumor_outside_liver
240229c16,0.0,0.0,,512x512x64,0.754x0.754x5.000,0 1,519.85,0 1,1652.98,0.8817,0.0003,0.0002,0.0,0.0002,tumor_outside_liver
240229c17,0.0,0.0,,512x512x60,0.684x0.684x5.000,0 1,591.6,0 1,1159.49,0.5153,0.0001,0.0002,0.0,0.0003,tumor_outside_liver
240229c18,0.0,0.0,,512x512x60,0.689x0.689x5.000,0 1,416.63,0 1,1491.6,0.9384,0.0108,0.0017,0.0003,0.0022,
240229c19,0.0,0.0,,512x512x61,0.586x0.586x5.000,0 1,206.15,0 1,1504.43,0.509,0.0013,0.0006,0.0006,0.0011,tumor_outside_liver
240229c20,0.0,0.0,,512x512x95,0.641x0.641x5.000,0 1,1039.64,0 1,1987.75,0.8503,0.0006,0.0008,0.0002,0.0004,tumor_outside_liver
240229c22,0.0,0.0,,512x512x55,0.636x0.636x5.000,0 1,128.58,0 1,1222.92,0.4879,0.0005,0.0004,0.0001,0.0,tumor_outside_liver
240229c23,0.0,0.0,,512x512x55,0.715x0.715x5.000,0 1,135.64,0 1,1225.89,0.5875,0.0,0.0,0.0,0.0001,tumor_outside_liver
240229c24,0.0,0.0,,512x512x66,0.746x0.746x5.000,0 1,360.95,0 1,1985.81,0.9784,0.0567,0.0014,0.0005,0.0009,
240229c25,0.0,0.0,,512x512x53,0.707x0.707x5.000,0 1,71.21,0 1,1024.89,0.1137,0.0045,0.0038,0.0036,0.0051,tumor_outside_liver
240229c26,0.0,0.0,,512x512x60,0.783x0.783x5.000,0 1,360.32,0 1,1313.73,0.8762,0.0069,0.0104,0.0001,0.0066,tumor_outside_liver
240229c27,0.0,0.0,,512x512x88,0.646x0.646x5.000,0 1,55.79,0 1,966.74,0.5463,0.0135,0.0219,0.0003,0.0031,tumor_outside_liver
240229c28,0.0,0.0,,512x512x55,0.660x0.660x5.000,0 1,158.51,0 1,1229.56,0.829,0.0003,0.0001,0.0001,0.0009,tumor_outside_liver
240229c29,0.0,0.0,,512x512x56,0.707x0.707x5.000,0 1,391.81,0 1,1673.84,0.7148,0.0008,0.0005,0.0005,0.0005,tumor_outside_liver
240229c30,0.0,0.0,,512x512x60,0.684x0.684x5.000,0 1,338.9,0 1,1446.01,0.9075,0.0077,0.0001,0.0,0.0008,
240229c31,0.0,0.0,,512x512x60,0.684x0.684x5.000,0 1,165.66,0 1,1181.35,0.1814,0.0001,0.0001,0.0,0.0001,tumor_outside_liver
240229c32,0.0,0.0,,512x512x59,0.637x0.637x5.000,0 1,433.04,0 1,1711.05,0.9256,0.0037,0.0017,0.0003,0.0008,
240229c33,0.0,0.0,,512x512x56,0.695x0.695x5.000,0 1,54.78,0 1,1273.33,0.9106,0.004,0.0001,0.0,0.0005,
240229c34,0.0,0.0,,512x512x74,0.647x0.647x5.000,0 1,622.27,0 1,1325.06,0.6959,0.0006,0.0034,0.0002,0.0007,tumor_outside_liver
240229c35,0.0,0.0,,512x512x64,0.684x0.684x5.000,0 1,177.43,0 1,1160.55,0.1981,0.0002,0.0003,0.0001,0.0003,tumor_outside_liver
240229c36,0.0,0.0,,512x512x60,0.723x0.723x5.000,0 1,270.58,0 1,992.79,0.4898,0.0001,0.0003,0.0,0.0003,tumor_outside_liver
240229c37,0.0,0.0,,512x512x64,0.656x0.656x5.000,0 1,953.15,0 1,1431.83,0.2496,0.0003,0.0003,0.0001,0.0004,tumor_outside_liver
240229c38,0.0,0.0,,512x512x65,0.680x0.680x5.000,0 1,2977.99,0 1,4078.9,0.9349,0.0014,0.0014,0.0001,0.0005,
240229c39,0.0,0.0,,512x512x60,0.684x0.684x5.000,0 1,401.77,0 1,1177.72,0.6254,0.0004,0.0002,0.0001,0.001,tumor_outside_liver
240229c40,0.0,0.0,,512x512x58,0.717x0.717x5.000,0 1,67.71,0 1,1344.32,0.0911,0.0007,0.0008,0.0005,0.0005,tumor_outside_liver
240229c41,0.0,0.0,,512x512x63,0.631x0.631x5.000,0 1,308.11,0 1,1544.37,0.9334,0.0014,0.0004,0.0002,0.0016,
240229c43,0.0,0.0,,512x512x60,0.684x0.684x5.000,0 1,34.91,0 1,1172.18,0.9012,0.0002,0.0001,0.0,0.0,
240229c44,0.0,0.0,,512x512x67,0.836x0.836x5.000,0 1,1261.72,0 1,2335.03,0.836,0.0006,0.0004,0.0004,0.0004,tumor_outside_liver
240229c45,0.0,0.0,,512x512x60,0.684x0.684x5.000,0 1,353.55,0 1,971.99,0.3937,0.001,0.0011,0.0009,0.0009,tumor_outside_liver
240229c47,0.0,0.0,,512x512x58,0.678x0.678x5.000,0 1,63.75,0 1,1456.15,0.6817,0.0167,0.0036,0.0,0.011,tumor_outside_liver
240504a06,0.0,0.0,,512x512x45,0.703x0.703x5.000,0 1,23.74,0 1,1016.1,0.9168,0.001,0.0012,0.001,0.0011,
240504a07,0.0,0.0,,512x512x51,0.768x0.768x5.000,0 1,0.99,0 1,1052.65,1.0,0.0083,0.0002,0.0001,0.0002,
240504a08,0.0,0.0,,512x512x89,0.742x0.742x5.000,0 1,1.91,0 1,670.61,1.0,0.0002,0.0003,0.0001,0.0002,
240504a09,0.0,0.0,,512x512x46,0.625x0.625x5.000,0 1,20.14,0 1,766.91,0.9893,0.0002,0.0,0.0,0.0002,
240504a10,0.0,0.0,,512x512x103,0.738x0.738x5.000,0 1,49.26,0 1,1022.87,0.9596,0.0006,0.0003,0.0001,0.0005,
240504a11,0.0,0.0,,512x512x64,0.711x0.711x5.000,0 1,29.27,0 1,1146.56,0.9824,0.0001,0.0001,0.0001,0.0001,
240504a12,0.0,0.0,,512x512x50,0.686x0.686x5.000,0 1,725.67,0 1,1670.22,0.9419,0.0011,0.0012,0.001,0.0013,
240504a13,0.0,0.0,,512x512x102,0.781x0.781x5.000,0 1,9.59,0 1,1245.37,0.9608,0.0092,0.0009,0.0005,0.0028,
240504a14,0.0,0.0,,512x512x58,0.648x0.648x5.000,0 1,590.76,0 1,1635.6,0.9637,0.2255,0.0001,0.0,0.2025,misaligned_nc misaligned_delay
240504a15,0.0,0.0,,512x512x55,0.672x0.672x5.000,0 1,3.61,0 1,940.87,1.0,0.0608,0.0477,0.0,0.0003,
240504b01,0.0,0.0,,512x512x58,0.809x0.809x5.000,0 1,3.91,0 1,1276.56,1.0,0.009,0.0001,0.0001,0.0217,
240504b02,0.0,0.0,,512x512x57,0.627x0.627x5.000,0 1,34.86,0 1,951.07,0.9931,0.0002,0.0003,0.0002,0.0003,
240504b03,0.0,0.0,,512x512x58,0.686x0.686x5.000,0 1,6.24,0 1,914.51,0.9416,0.0,0.0002,0.0,0.0,
240504b04,0.0,0.0,,512x512x62,0.715x0.715x5.000,0 1,427.33,0 1,1659.88,0.9961,0.0006,0.0002,0.0001,0.0002,
240504b05,0.0,0.0,,512x512x54,0.672x0.672x5.000,0 1,520.89,0 1,1860.52,0.9719,0.001,0.0005,0.0005,0.0008,
240504b06,0.0,0.0,,512x512x100,0.746x0.746x5.000,0 1,1758.66,0 1,3192.47,0.9096,0.0001,0.0001,0.0,0.0002,
240504b07,0.0,0.0,,512x512x99,0.758x0.758x5.000,0 1,15.39,0 1,1370.78,0.9702,0.0002,0.0003,0.0002,0.0002,
240504b08,0.0,0.0,,512x512x60,0.782x0.782x5.000,0 1,19.11,0 1,1493.39,0.8792,0.0004,0.0003,0.0,0.0001,tumor_outside_liver
240504b09,0.0,0.0,,512x512x68,0.760x0.760x5.000,0 1,112.09,0 1,1162.29,0.5574,0.0013,0.0028,0.0,0.0002,tumor_outside_liver
240504b10,0.0,0.0,,512x512x69,0.866x0.866x5.000,0 1,19.32,0 1,2125.85,0.9719,0.0005,0.0008,0.0001,0.0006,
240504b11,0.0,0.0,,512x512x101,0.715x0.715x5.000,0 1,94.25,0 1,1631.81,0.9991,0.002,0.0028,0.0009,0.0029,
240504b12,0.0,0.0,,512x512x54,0.686x0.686x5.000,0 1,5.63,0 1,952.49,0.749,0.0136,0.0088,0.0,0.0044,tumor_outside_liver
240504b13,0.0,0.0,,512x512x81,0.782x0.782x5.000,0 1,342.1,0 1,1822.08,0.8714,0.0002,0.0002,0.0,0.0002,tumor_outside_liver
240504b14,0.0,0.0,,512x512x70,0.744x0.744x5.000,0 1,84.69,0 1,1484.57,0.9913,0.0072,0.0066,0.0002,0.006,
240504b15,0.0,0.0,,512x512x113,0.738x0.738x5.000,0 1,1805.21,0 1,2877.13,0.9558,0.0014,0.0005,0.0003,0.0006,
240504b16,0.0,0.0,,512x512x61,0.900x0.900x5.000,0 1,1.43,0 1,2322.73,1.0,0.0003,0.0002,0.0002,0.0002,
240504b17,0.0,0.0,,512x512x67,0.770x0.770x5.000,0 1,1084.85,0 1,2121.87,0.9809,0.0006,0.0002,0.0001,0.0002,
240504b18,0.0,0.0,,512x512x109,0.771x0.771x5.000,0 1,249.04,0 1,1102.56,0.9809,0.0274,0.0001,0.0001,0.0011,
240504b19,0.0,0.0,,512x512x55,0.684x0.684x5.000,0 1,82.9,0 1,1225.85,0.985,0.0886,0.0017,0.0015,0.0017,
240504b20,0.0,0.0,,512x512x63,0.842x0.842x5.000,0 1,9.42,0 1,1457.67,1.0,0.0002,0.0002,0.0001,0.0002,
240504b21,0.0,0.0,,512x512x106,0.713x0.713x5.000,0 1,25.38,0 1,1361.77,0.8113,0.0006,0.0006,0.0003,0.0017,tumor_outside_liver
240504b22,0.0,0.0,,512x512x56,0.691x0.691x5.000,0 1,56.79,0 1,947.31,0.9832,0.0002,0.0002,0.0001,0.0001,
240504b23,0.0,0.0,,512x512x102,0.738x0.738x5.000,0 1,60.66,0 1,1274.2,0.7569,0.0041,0.0002,0.0001,0.0003,tumor_outside_liver
240504b24,0.0,0.0,,512x512x102,0.707x0.707x5.000,0 1,184.06,0 1,1189.36,0.9769,0.0003,0.0001,0.0,0.0,
240504b25,0.0,0.0,,512x512x56,0.732x0.732x5.000,0 1,50.22,0 1,1002.89,0.9873,0.0,0.0,0.0,0.0002,
240504b26,0.0,0.0,,512x512x95,0.750x0.750x5.000,0 1,31.59,0 1,1123.23,0.9798,0.0002,0.0001,0.0,0.0001,
240504b27,2.0,0.7,liver_mask,512x512x57,0.656x0.656x5.000,0 1,440.39,0 1,2007.54,0.9698,0.0678,0.0595,0.0655,0.0682,
240504b28,0.0,0.0,,512x512x105,0.824x0.824x5.000,0 1,338.42,0 1,1639.45,0.9889,0.0008,0.0009,0.0009,0.0014,
240504b29,0.0,0.0,,512x512x102,0.793x0.793x5.000,0 1,72.12,0 1,1261.04,0.9895,0.0004,0.0003,0.0007,0.0007,
240504b30,0.0,0.0,,512x512x107,0.734x0.734x5.000,0 1,2762.74,0 1,3845.09,0.8881,0.0002,0.0011,0.0002,0.0392,tumor_outside_liver
240504b31,0.0,0.0,,512x512x66,0.782x0.782x5.000,0 1,12.16,0 1,997.74,0.7034,0.0066,0.0012,0.0,0.0002,tumor_outside_liver
240504b32,0.0,0.0,,512x512x54,0.678x0.678x5.000,0 1,3.59,0 1,954.49,1.0,0.0018,0.0012,0.0007,0.0013,
240504b33,0.0,0.0,,512x512x61,0.782x0.782x5.000,0 1,378.98,0 1,1386.84,0.9869,0.0014,0.0014,0.0012,0.0013,
240504b34,0.0,0.0,,512x512x112,0.782x0.782x5.000,0 1,724.91,0 1,2546.93,0.9874,0.0008,0.001,0.0001,0.0008,
240504b36,0.0,0.0,,512x512x59,0.834x0.834x5.000,0 1,38.16,0 1,1311.7,0.9946,0.0007,0.0005,0.0005,0.0007,
240504b37,0.0,0.0,,512x512x69,0.782x0.782x5.000,0 1,20.65,0 1,952.84,0.9436,0.1453,0.0013,0.0002,0.0063,misaligned_nc
240504b38,0.0,0.0,,512x512x97,0.770x0.770x5.000,0 1,18.96,0 1,1018.67,0.8475,0.0017,0.0021,0.0007,0.0019,tumor_outside_liver
240504b39,0.0,0.0,,512x512x67,0.738x0.738x5.000,0 1,748.77,0 1,2111.86,0.9901,0.1997,0.1742,0.0,0.1051,misaligned_nc misaligned_art misaligned_delay
240504b40,0.0,0.0,,512x512x103,0.797x0.797x5.000,0 1,326.18,0 1,1415.94,0.9878,0.0301,0.0001,0.0,0.0018,
240504b41,0.0,0.0,,512x512x104,0.811x0.811x5.000,0 1,108.61,0 1,1137.11,0.9943,0.0255,0.0009,0.0004,0.0004,
240504b42,0.0,0.0,,512x512x60,0.740x0.740x5.000,0 1,128.45,0 1,1604.84,0.9741,0.0012,0.0049,0.0001,0.0003,
240504b43,0.0,0.0,,512x512x60,0.684x0.684x5.000,0 1,94.61,0 1,1047.45,0.776,0.0,0.0,0.0,0.0,tumor_outside_liver
240504b44,0.0,0.0,,512x512x46,0.607x0.607x5.000,0 1,34.22,0 1,745.65,0.9799,0.0001,0.0001,0.0,0.0,
240504b45,0.0,0.0,,512x512x61,0.648x0.648x5.000,0 1,52.01,0 1,1145.67,0.5068,0.0002,0.0003,0.0001,0.0001,tumor_outside_liver
240504b46,0.0,0.0,,512x512x62,0.816x0.816x5.000,0 1,4.42,0 1,1102.16,1.0,0.0002,0.0003,0.0001,0.0001,
240504b47,0.0,0.0,,512x512x62,0.701x0.701x5.000,0 1,29.84,0 1,1216.87,0.9946,0.0183,0.004,0.0035,0.0042,
240504b48,0.0,0.0,,512x512x101,0.734x0.734x5.000,0 1,4.82,0 1,1204.92,0.9989,0.0004,0.0001,0.0001,0.0002,
240504b49,0.0,0.0,,512x512x100,0.768x0.768x5.000,0 1,13.2,0 1,1224.26,1.0,0.0002,0.0,0.0,0.0001,
240504b50,0.0,0.0,,512x512x116,0.828x0.828x5.000,0 1,154.68,0 1,2185.56,0.9698,0.0004,0.0001,0.0002,0.0004,
240504e01,0.0,0.0,,512x512x94,0.746x0.746x5.000,0 1,18.56,0 1,1059.57,1.0,0.0,0.0005,0.0,0.0,
240504e02,0.0,0.0,,512x512x100,0.750x0.750x5.000,0 1,33.26,0 1,1315.96,0.9376,0.0003,0.0006,0.0,0.0001,
240504e03,0.0,0.0,,512x512x104,0.782x0.782x5.000,0 1,4.56,0 1,1357.16,0.935,0.0005,0.0008,0.0003,0.0007,
240504e04,0.0,0.0,,512x512x97,0.777x0.777x5.000,0 1,7.28,0 1,1662.27,0.9535,0.005,0.005,0.005,0.0062,
240504e05,0.0,0.0,,512x512x96,0.852x0.852x5.000,0 1,2.16,0 1,1087.53,0.8807,0.001,0.0003,0.0002,0.0002,tumor_outside_liver
240504e06,0.0,0.0,,512x512x96,0.723x0.723x5.000,0 1,1.35,0 1,1295.23,0.9226,0.0005,0.0005,0.0001,0.0002,
240504e07,0.0,0.0,,512x512x107,0.807x0.807x5.000,0 1,3.25,0 1,1084.06,0.6733,0.0029,0.0031,0.001,0.1507,tumor_outside_liver misaligned_delay
240504e08,0.0,0.0,,512x512x103,0.781x0.781x5.000,0 1,9.66,0 1,1181.82,1.0,0.0022,0.0021,0.0007,0.0029,
240504e09,0.0,0.0,,512x512x81,0.650x0.650x5.000,0 1,4.78,0 1,863.59,0.9633,0.0,0.0,0.0,0.0,
240504e10,0.0,0.0,,512x512x97,0.754x0.754x5.000,0 1,81.58,0 1,1423.98,0.9523,0.0002,0.0008,0.0003,0.0007,
240504e11,0.0,0.0,,512x512x96,0.703x0.703x5.000,0 1,2.1,0 1,1124.05,1.0,0.0002,0.0008,0.0002,0.0002,
240504e12,0.0,0.0,,512x512x88,0.781x0.781x5.000,0 1,2.66,0 1,1345.08,0.9977,0.0557,0.0012,0.0004,0.0022,
240504e13,0.0,0.0,,512x512x59,0.782x0.782x5.000,0 1,10.97,0 1,1019.58,0.9855,0.0001,0.0,0.0,0.0001,
240504e14,0.0,0.0,,512x512x99,0.781x0.781x5.000,0 1,6.58,0 1,1220.1,0.9689,0.0007,0.0007,0.0003,0.0009,
240504e15,0.0,0.0,,512x512x96,0.793x0.793x5.000,0 1,108.51,0 1,1125.24,0.966,0.0008,0.0003,0.0003,0.0002,
240504e16,0.0,0.0,,512x512x110,0.785x0.785x5.000,0 1,2.92,0 1,2037.49,1.0,0.0016,0.0035,0.001,0.0227,
240504e17,0.0,0.0,,512x512x100,0.799x0.799x5.000,0 1,213.59,0 1,1158.98,0.9617,0.0057,0.0002,0.0002,0.0005,
240504e18,0.0,0.0,,512x512x91,0.718x0.718x5.000,0 1,3.05,0 1,1226.45,0.9704,0.0002,0.0002,0.0001,0.0,
240504e19,0.0,0.0,,512x512x100,0.781x0.781x5.000,0 1,4.31,0 1,1175.03,0.9342,0.0008,0.0004,0.0002,0.0007,
240504e20,0.0,0.0,,512x512x86,0.701x0.701x5.000,0 1,30.68,0 1,837.37,0.9808,0.0003,0.0106,0.0002,0.0007,
240504e21,0.0,0.0,,512x512x90,0.789x0.789x5.000,0 1,113.79,0 1,1202.23,0.9978,0.0164,0.0027,0.0003,0.0022,
240504e22,0.0,0.0,,512x512x104,0.698x0.698x5.000,0 1,1.85,0 1,1340.75,0.4421,0.0005,0.0003,0.0006,0.0012,tumor_outside_liver
240504e23,0.0,0.0,,512x512x93,0.947x0.947x5.000,0 1,134.26,0 1,1089.82,0.9896,0.0024,0.0037,0.0006,0.0027,
240504e24,0.0,0.0,,512x512x93,0.707x0.707x5.000,0 1,16.6,0 1,1034.11,0.9819,0.0,0.0,0.0,0.0,
240504e25,0.0,0.0,,512x512x98,0.754x0.754x5.000,0 1,4.4,0 1,1248.69,0.7623,0.001,0.0016,0.0002,0.001,tumor_outside_liver
240504e26,0.0,0.0,,512x512x100,0.700x0.700x5.000,0 1,7.75,0 1,1061.39,0.9949,0.0007,0.0003,0.0006,0.0004,
240504e27,0.0,0.0,,512x512x102,0.738x0.738x5.000,0 1,4.86,0 1,1129.01,0.9076,0.0073,0.0002,0.0001,0.0007,
240504e28,0.0,0.0,,512x512x106,0.801x0.801x5.000,0 1,7.06,0 1,1368.13,0.9518,0.0006,0.0011,0.0001,0.0017,
240504e29,0.0,0.0,,512x512x91,0.725x0.725x5.000,0 1,98.96,0 1,1209.69,0.9963,0.0013,0.0004,0.0,0.0001,
240504e30,206.5,0.0,liver_mask,512x512x94,0.725x0.725x5.000,0 1,47.43,0 1,1060.19,0.9859,0.0042,0.0036,0.0025,0.0017,
240504e31,0.0,0.0,,512x512x96,0.738x0.738x5.000,0 1,23.32,0 1,1150.4,0.9876,0.0004,0.0009,0.0003,0.0011,
240504e32,0.0,0.0,,512x512x72,0.832x0.832x5.000,0 1,75.35,0 1,1275.59,0.9934,0.122,0.0018,0.0007,0.0009,misaligned_nc
240504e33,0.0,0.0,,512x512x98,0.760x0.760x5.000,0 1,11.63,0 1,1017.0,0.9216,0.0063,0.0028,0.0003,0.0012,
240504e34,0.0,0.0,,512x512x100,0.766x0.766x5.000,0 1,184.42,0 1,1184.28,0.9866,0.0051,0.0001,0.0002,0.0003,
240504e35,0.0,0.0,,512x512x92,0.711x0.711x5.000,0 1,1.8,0 1,1179.69,0.7303,0.0006,0.001,0.0002,0.0006,tumor_outside_liver
240504e36,0.0,0.0,,512x512x109,0.795x0.795x5.000,0 1,89.68,0 1,1319.53,0.9965,0.0245,0.0063,0.0008,0.0642,
240504e38,0.0,0.0,,512x512x96,0.738x0.738x5.000,0 1,2.92,0 1,1074.77,0.9076,0.0041,0.0001,0.0,0.0001,
240504e39,0.0,0.0,,512x512x60,0.756x0.756x5.000,0 1,12.85,0 1,1136.58,0.9491,0.0011,0.0005,0.0002,0.0044,
240504e40,0.0,0.0,,512x512x106,0.895x0.895x5.000,0 1,16.44,0 1,1622.61,0.973,0.0044,0.0034,0.0016,0.0022,
240504e41,0.0,0.0,,512x512x92,0.754x0.754x5.000,0 1,30.25,0 1,1034.88,0.9669,0.0014,0.0,0.0003,0.0,
240504e42,0.0,0.0,,512x512x105,0.754x0.754x5.000,0 1,107.91,0 1,1542.2,0.6215,0.0009,0.0035,0.0004,0.0004,tumor_outside_liver
240504e43,0.0,0.0,,512x512x100,0.766x0.766x5.000,0 1,22.18,0 1,1385.05,0.98,0.0003,0.0003,0.0002,0.0002,
240504e44,0.0,0.0,,512x512x96,0.770x0.770x5.000,0 1,3.24,0 1,1367.46,0.9899,0.0015,0.0014,0.0007,0.001,
240504e45,0.0,0.0,,512x512x100,0.750x0.750x5.000,0 1,3.62,0 1,1518.0,1.0,0.0005,0.0008,0.0003,0.0009,
240504e46,0.0,0.0,,512x512x100,0.738x0.738x5.000,0 1,6.07,0 1,1114.19,1.0,0.0009,0.0007,0.0006,0.0009,
240504e47,0.0,0.0,,512x512x56,0.768x0.768x5.000,0 1,8.0,0 1,1182.74,0.8464,0.0014,0.0007,0.0001,0.0004,tumor_outside_liver
240504e48,0.0,0.0,,512x512x94,0.777x0.777x5.000,0 1,24.13,0 1,1349.52,0.9244,0.0007,0.0007,0.0005,0.0011,
240504e49,0.0,0.0,,512x512x95,0.750x0.750x5.000,0 1,5.13,0 1,907.75,0.9896,0.0126,0.0413,0.0,0.0001,
240504e50,0.0,0.0,,512x512x109,0.738x0.738x5.000,0 1,6.4,0 1,1387.4,0.9289,0.0005,0.0003,0.0002,0.0003,
240620a01,0.0,0.0,,512x512x101,0.715x0.715x5.000,0 1,179.31,0 1,1061.11,0.9498,0.0001,0.0,0.0,0.2727,misaligned_delay
240620a02,0.0,0.0,,512x512x99,0.691x0.691x5.000,0 1,33.85,0 1,870.77,0.9912,0.0,0.0,0.0,0.0,
240620a03,0.0,0.0,,512x512x47,0.695x0.695x5.000,0 1,9.94,0 1,1183.22,0.956,0.0004,0.0003,0.0,0.0,
240620a04,0.0,0.0,,512x512x101,0.846x0.846x5.000,0 1,43.04,0 1,1470.12,0.9996,0.0001,0.0001,0.0,0.0002,
240620a05,0.0,0.0,,512x512x91,0.836x0.836x5.000,0 1,14.09,0 1,1454.36,0.9735,0.0002,0.0001,0.0,0.0003,
240620a06,0.0,0.0,,512x512x90,0.750x0.750x5.000,0 1,6.2,0 1,892.21,0.9624,0.0032,0.0039,0.0025,0.0023,
240620a07,0.0,0.0,,512x512x46,0.682x0.682x5.000,0 1,3.57,0 1,1051.48,1.0,0.0002,0.0001,0.0,0.0001,
240620a08,0.0,0.0,,512x512x63,0.617x0.617x5.000,0 1,15.66,0 1,1158.69,0.9989,0.0011,0.0012,0.0006,0.0004,
240620a09,0.0,0.0,,512x512x61,0.750x0.750x5.000,0 1,19.09,0 1,1280.53,0.987,0.0013,0.0001,0.0,0.0003,
240620a10,0.0,0.0,,512x512x94,0.746x0.746x5.000,0 1,7.85,0 1,1361.13,1.0,0.0033,0.0331,0.0002,0.0011,
240620a11,0.0,0.0,,512x512x100,0.781x0.781x5.000,0 1,1.1,0 1,1396.75,1.0,0.0014,0.0013,0.0005,0.001,
240620a12,0.0,0.0,,512x512x43,0.604x0.604x5.000,0 1,28.85,0 1,897.58,0.9558,0.0011,0.0001,0.0,0.0,
240620a13,0.0,0.0,,512x512x60,0.684x0.684x5.000,0 1,98.83,0 1,1045.65,0.8718,0.0213,0.0004,0.0,0.0004,tumor_outside_liver
240620a14,0.0,0.0,,512x512x98,0.701x0.701x5.000,0 1,3.39,0 1,1031.78,1.0,0.0002,0.0005,0.0001,0.0002,
240620a15,0.0,0.0,,512x512x58,0.730x0.730x5.000,0 1,57.71,0 1,1372.82,0.9912,0.0005,0.0004,0.0001,0.0002,
240620a16,0.0,0.0,,512x512x57,0.670x0.670x5.000,0 1,52.27,0 1,898.28,0.9098,0.0056,0.0001,0.0,0.0,
240620a17,0.0,0.0,,512x512x61,0.785x0.785x5.000,0 1,80.84,0 1,1143.64,0.998,0.005,0.0046,0.0039,0.0054,
240620a18,0.0,0.0,,512x512x59,0.795x0.795x5.000,0 1,20.93,0 1,1265.82,0.9121,0.0013,0.0011,0.0004,0.0006,
240620a19,0.0,0.0,,512x512x98,0.805x0.805x5.000,0 1,4.79,0 1,1184.8,0.6932,0.0052,0.0006,0.0003,0.0005,tumor_outside_liver
240620a20,0.0,0.0,,512x512x99,0.734x0.734x5.000,0 1,53.79,0 1,1610.57,0.9984,0.0006,0.0004,0.0005,0.0005,
240620a21,0.0,0.0,,512x512x62,0.701x0.701x5.000,0 1,7.12,0 1,1198.32,0.9979,0.0011,0.0009,0.0008,0.001,
240620a22,0.0,0.0,,512x512x84,0.586x0.586x5.000,0 1,495.24,0 1,1256.32,0.99,0.0014,0.0016,0.0001,0.0004,
240620a23,0.0,0.0,,512x512x102,0.830x0.830x5.000,0 1,610.49,0 1,1607.63,0.9709,0.0009,0.0039,0.0003,0.0005,
240620a24,0.0,0.0,,512x512x96,0.727x0.727x5.000,0 1,59.03,0 1,1308.17,0.9856,0.0067,0.0018,0.0001,0.0002,
240620a25,0.0,0.0,,512x512x92,0.633x0.633x5.000,0 1,5.14,0 1,926.97,0.9926,0.0003,0.0002,0.0001,0.0002,
240620a26,0.0,0.0,,512x512x105,0.762x0.762x5.000,0 1,28.73,0 1,1631.11,0.965,0.0017,0.0021,0.0008,0.0022,
240620a27,0.0,0.0,,512x512x104,0.782x0.782x5.000,0 1,8.5,0 1,1043.64,1.0,0.0039,0.0006,0.0002,0.001,
240620a28,0.0,0.0,,512x512x91,0.775x0.775x5.000,0 1,29.81,0 1,1004.62,0.9233,0.0004,0.0005,0.0001,0.0005,
240620a29,0.0,0.0,,512x512x51,0.602x0.602x5.000,0 1,48.71,0 1,1011.86,0.979,0.0022,0.0008,0.0006,0.0009,
240620a30,0.0,0.0,,512x512x87,0.586x0.586x5.000,0 1,9.43,0 1,990.36,0.947,0.0012,0.0001,0.0001,0.0005,
240620a31,0.0,0.0,,512x512x91,0.645x0.645x5.000,0 1,117.93,0 1,1193.14,0.9729,0.0027,0.0004,0.0001,0.0005,
240620a32,0.0,0.0,,512x512x61,0.605x0.605x5.000,0 1,175.53,0 1,989.11,0.9723,0.0001,0.0004,0.0,0.0001,
240620a33,0.0,0.0,,512x512x59,0.782x0.782x5.000,0 1,4.11,0 1,1032.6,0.9851,0.002,0.0017,0.0002,0.0009,
240620a34,0.0,0.0,,512x512x92,0.746x0.746x5.000,0 1,5.5,0 1,801.34,0.8775,0.0,0.0,0.0,0.0,tumor_outside_liver
240620a35,0.0,0.0,,512x512x99,0.782x0.782x5.000,0 1,878.14,0 1,1617.14,0.9014,0.1201,0.0893,0.0005,0.0014,misaligned_nc
240620a36,0.0,0.0,,512x512x87,0.738x0.738x5.000,0 1,1.97,0 1,1098.71,1.0,0.0007,0.0002,0.0002,0.0016,
240620a37,0.0,0.0,,512x512x60,0.867x0.867x5.000,0 1,4.94,0 1,1760.81,1.0,0.0009,0.0008,0.0002,0.0004,
240620a38,0.0,0.0,,512x512x94,0.727x0.727x5.000,0 1,58.54,0 1,1027.43,0.9994,0.0001,0.0,0.0001,0.0004,
240620a39,0.0,0.0,,512x512x99,0.816x0.816x5.000,0 1,7.17,0 1,1866.92,1.0,0.0033,0.0004,0.0002,0.0005,
240620a40,0.0,0.0,,512x512x55,0.816x0.816x5.000,0 1,7.42,0 1,1100.9,0.8697,0.0007,0.0009,0.0009,0.0008,tumor_outside_liver
240620a41,0.0,0.0,,512x512x59,0.730x0.730x5.000,0 1,44.23,0 1,1387.8,0.9936,0.0001,0.0001,0.0,0.0001,
240620a42,0.0,0.0,,512x512x56,0.668x0.668x5.000,0 1,15.5,0 1,961.53,0.9626,0.0001,0.0001,0.0,0.0001,
240620a43,0.0,0.0,,512x512x61,0.789x0.789x5.000,0 1,2.98,0 1,1110.98,0.9623,0.0001,0.0003,0.0001,0.0002,
240620a44,0.0,0.0,,512x512x63,0.656x0.656x5.000,0 1,72.34,0 1,1177.71,0.9785,0.0003,0.0005,0.0001,0.0013,
240620a45,0.0,0.0,,512x512x99,0.738x0.738x5.000,0 1,2.09,0 1,1387.03,1.0,0.0006,0.0005,0.0001,0.0002,
240620a46,0.0,0.0,,512x512x53,0.740x0.740x5.000,0 1,10.31,0 1,1389.94,0.9601,0.0,0.0002,0.0,0.0,
240620a47,0.0,0.0,,512x512x86,0.646x0.646x5.000,0 1,16.72,0 1,959.42,0.9862,0.0002,0.0001,0.0001,0.0001,
240620a48,0.0,0.0,,512x512x84,0.719x0.719x5.000,0 1,35.8,0 1,1070.35,1.0,0.0064,0.0008,0.0,0.0002,
240620a49,0.0,0.0,,512x512x91,0.740x0.740x5.000,0 1,5.74,0 1,1017.3,1.0,0.0004,0.0028,0.0001,0.0004,
240620a50,0.0,0.0,,512x512x94,0.793x0.793x5.000,0 1,50.56,0 1,1447.88,0.991,0.1405,0.0148,0.0001,0.1289,misaligned_nc misaligned_delay
240620a51,0.0,0.0,,512x512x59,0.689x0.689x5.000,0 1,11.91,0 1,1272.38,0.999,0.0064,0.0005,0.0002,0.0003,
240620a52,0.0,0.0,,512x512x110,0.738x0.738x5.000,0 1,43.72,0 1,1257.5,0.6095,0.0,0.0,0.0,0.0,tumor_outside_liver
240620a53,0.0,0.0,,512x512x90,0.744x0.744x5.000,0 1,1.97,0 1,968.01,1.0,0.1019,0.0004,0.0004,0.0003,misaligned_nc
240620a54,0.0,0.0,,512x512x93,0.754x0.754x5.000,0 1,21.86,0 1,1940.75,0.9999,0.0927,0.0412,0.0,0.1533,misaligned_delay
240620a55,0.0,0.0,,512x512x63,0.637x0.637x5.000,0 1,47.05,0 1,1168.29,0.9311,0.0001,0.0,0.0,0.0,
240620a57,0.0,0.0,,512x512x70,0.736x0.736x5.000,0 1,341.21,0 1,1606.9,0.9524,0.0003,0.0001,0.0001,0.0005,
240620a58,0.0,0.0,,512x512x86,0.727x0.727x5.000,0 1,4.7,0 1,1086.34,0.959,0.001,0.0002,0.0002,0.0006,
240620a59,0.0,0.0,,512x512x50,0.660x0.660x5.000,0 1,9.22,0 1,825.0,0.6519,0.0001,0.0,0.0,0.0002,tumor_outside_liver
240620a60,0.0,0.0,,512x512x103,0.781x0.781x5.000,0 1,267.11,0 1,1103.73,0.9429,0.0001,0.0,0.0,0.0,
240620a61,0.0,0.0,,512x512x90,0.680x0.680x5.000,0 1,7.7,0 1,1080.18,1.0,0.0004,0.0008,0.0004,0.0011,
240620a62,0.0,0.0,,512x512x90,0.746x0.746x5.000,0 1,4.1,0 1,942.38,0.9864,0.0008,0.0002,0.0,0.0003,
240620a63,0.0,0.0,,512x512x57,0.707x0.707x5.000,0 1,8.86,0 1,703.84,0.9128,0.0077,0.0007,0.0002,0.0007,
240620a64,0.0,0.0,,512x512x93,0.670x0.670x5.000,0 1,3.02,0 1,1062.84,0.9993,0.0007,0.0002,0.0,0.0,
240620a65,0.0,0.0,,512x512x88,0.645x0.645x5.000,0 1,61.17,0 1,1199.44,0.975,0.0003,0.022,0.0002,0.0003,
240722e100,0.0,0.0,,512x512x102,0.727x0.727x5.000,0 1,7.08,0 1,1353.88,0.9825,0.0006,0.0007,0.0002,0.0007,
240722e101,0.0,0.0,,512x512x89,0.660x0.660x5.000,0 1,52.48,0 1,1221.09,0.9941,0.0001,0.0008,0.0001,0.0004,
240722e102,0.0,0.0,,512x512x106,0.782x0.782x5.000,0 1,8.69,0 1,1417.63,0.9916,0.0026,0.007,0.0002,0.001,
240722e103,0.0,0.0,,512x512x67,0.646x0.646x5.000,0 1,391.15,0 1,1475.63,0.9999,0.0017,0.0008,0.0006,0.0016,
240722e104,0.0,0.0,,512x512x96,0.779x0.779x5.000,0 1,20.87,0 1,930.09,0.9994,0.0004,0.0002,0.0,0.0001,
240722e51,0.0,0.0,,512x512x112,0.762x0.762x5.000,0 1,6.54,0 1,1625.27,1.0,0.0017,0.0005,0.0001,0.0005,
240722e52,0.0,0.0,,512x512x87,0.684x0.684x5.000,0 1,2.01,0 1,762.93,0.9315,0.0,0.0001,0.0,0.0001,
240722e53,0.0,0.0,,512x512x98,0.770x0.770x5.000,0 1,11.11,0 1,978.7,1.0,0.0011,0.0011,0.0005,0.0011,
240722e54,0.0,0.0,,512x512x105,0.852x0.852x5.000,0 1,7.64,0 1,1188.46,0.9991,0.0016,0.0004,0.0002,0.0006,
240722e55,0.0,0.0,,512x512x110,0.793x0.793x5.000,0 1,85.1,0 1,1224.5,0.9982,0.0014,0.0013,0.0002,0.0019,
240722e56,0.0,0.0,,512x512x94,0.760x0.760x5.000,0 1,19.92,0 1,1638.6,0.9771,0.0003,0.0008,0.0001,0.0002,
240722e57,0.0,0.0,,512x512x110,0.977x0.977x5.000,0 1,24.81,0 1,1613.26,0.9988,0.0021,0.0016,0.0001,0.0006,
240722e58,0.0,0.0,,512x512x93,0.766x0.766x5.000,0 1,2.1,0 1,945.57,0.8635,0.0005,0.0006,0.0003,0.0008,tumor_outside_liver
240722e59,0.0,0.0,,512x512x99,0.785x0.785x5.000,0 1,20.99,0 1,1496.54,1.0,0.0005,0.0007,0.0001,0.0004,
240722e60,0.0,0.0,,512x512x96,0.711x0.711x5.000,0 1,26.92,0 1,1096.05,0.9997,0.0003,0.0002,0.0002,0.0005,
240722e61,0.0,0.0,,512x512x95,0.816x0.816x5.000,0 1,18.69,0 1,1114.01,0.9861,0.0023,0.0022,0.0016,0.0504,
240722e62,0.0,0.0,,512x512x97,0.691x0.691x5.000,0 1,6.38,0 1,1016.26,0.8,0.0003,0.0008,0.0001,0.0002,tumor_outside_liver
240722e63,0.0,0.0,,512x512x102,0.711x0.711x5.000,0 1,83.69,0 1,2135.91,0.9981,0.0239,0.0003,0.0001,0.0001,
240722e64,0.0,0.0,,512x512x101,0.762x0.762x5.000,0 1,5.98,0 1,1211.99,0.9796,0.0009,0.0003,0.0002,0.0005,
240722e65,0.0,0.0,,512x512x103,0.699x0.699x5.000,0 1,51.39,0 1,1969.36,0.971,0.0085,0.0002,0.0,0.0005,
240722e66,0.0,0.0,,512x512x112,0.807x0.807x5.000,0 1,24.86,0 1,1718.38,0.9361,0.0003,0.0004,0.0002,0.0008,
240722e67,0.0,0.0,,512x512x87,0.977x0.977x5.000,0 1,4.75,0 1,1021.4,0.9368,0.0034,0.0013,0.0003,0.0009,
240722e68,0.0,0.0,,512x512x106,0.828x0.828x5.000,0 1,26.49,0 1,2054.27,0.9983,0.0021,0.0027,0.0003,0.0022,
240722e69,0.0,0.0,,512x512x85,0.691x0.691x5.000,0 1,78.86,0 1,1351.23,0.9839,0.0028,0.0031,0.0022,0.0026,
240722e70,0.0,0.0,,512x512x99,0.652x0.652x5.000,0 1,27.2,0 1,760.93,0.8544,0.0002,0.0001,0.0,0.0,tumor_outside_liver
240722e71,0.0,0.0,,512x512x89,0.742x0.742x5.000,0 1,4.72,0 1,878.79,1.0,0.0,0.0,0.0,0.0002,
240722e72,0.0,0.0,,512x512x108,0.928x0.928x5.000,0 1,13.71,0 1,1401.62,1.0,0.0003,0.0003,0.0002,0.0004,
240722e73,0.0,0.0,,512x512x100,0.684x0.684x5.000,0 1,6.67,0 1,1250.96,0.9902,0.0063,0.0014,0.0003,0.0009,
240722e74,0.0,0.0,,512x512x57,0.783x0.783x5.000,0 1,529.35,0 1,2019.93,0.9968,0.0005,0.0001,0.0001,0.0001,
240722e75,0.0,0.0,,512x512x97,0.758x0.758x5.000,0 1,15.07,0 1,1092.06,0.9748,0.0006,0.0015,0.0001,0.001,
240722e76,0.0,0.0,,512x512x98,0.760x0.760x5.000,0 1,14.87,0 1,1221.84,0.718,0.0026,0.0021,0.0018,0.0025,tumor_outside_liver
240722e77,0.0,0.0,,512x512x99,0.777x0.777x5.000,0 1,7.02,0 1,1417.21,0.9449,0.0018,0.0039,0.0007,0.0012,
240722e78,0.0,0.0,,512x512x88,0.742x0.742x5.000,0 1,11.64,0 1,1148.95,0.9905,0.0005,0.0002,0.0001,0.0002,
240722e79,0.0,0.0,,512x512x105,0.777x0.777x5.000,0 1,4.67,0 1,1582.17,1.0,0.0039,0.0011,0.0002,0.0015,
240722e80,0.0,0.0,,512x512x101,0.684x0.684x5.000,0 1,39.71,0 1,959.05,0.9951,0.0006,0.0006,0.0,0.0001,
240722e81,0.0,0.0,,512x512x90,0.816x0.816x5.000,0 1,15.98,0 1,1300.75,1.0,0.0018,0.0009,0.0004,0.0015,
240722e82,0.0,0.0,,512x512x92,0.809x0.809x5.000,0 1,20.74,0 1,1285.23,0.9281,0.0001,0.0002,0.0001,0.0012,
240722e83,0.0,0.0,,512x512x114,0.773x0.773x5.000,0 1,53.87,0 1,1357.65,0.9993,0.0025,0.0044,0.0013,0.0013,
240722e84,0.0,0.0,,512x512x90,0.645x0.645x5.000,0 1,21.14,0 1,1223.65,1.0,0.0004,0.0007,0.0004,0.0001,
240722e85,0.0,0.0,,512x512x100,0.707x0.707x5.000,0 1,31.33,0 1,1885.38,0.9782,0.1148,0.0102,0.0014,0.0962,misaligned_nc
240722e86,0.0,0.0,,512x512x96,0.782x0.782x5.000,0 1,37.32,0 1,1245.96,0.9907,0.0034,0.0008,0.0002,0.0005,
240722e87,0.0,0.0,,512x512x87,0.641x0.641x5.000,0 1,13.97,0 1,947.38,0.9833,0.0006,0.0013,0.0004,0.0013,
240722e88,0.0,0.0,,512x512x105,0.793x0.793x5.000,0 1,5.45,0 1,1168.91,1.0,0.0022,0.0027,0.001,0.002,
240722e89,0.0,0.0,,512x512x93,0.723x0.723x5.000,0 1,63.05,0 1,1202.68,1.0,0.0001,0.0001,0.0001,0.0001,
240722e90,0.0,0.0,,512x512x95,0.770x0.770x5.000,0 1,1.57,0 1,1149.99,0.9266,0.0012,0.0018,0.0005,0.0011,
240722e91,0.0,0.0,,512x512x111,0.801x0.801x5.000,0 1,35.98,0 1,1484.12,0.8782,0.0019,0.0017,0.0005,0.0014,tumor_outside_liver
240722e92,0.0,0.0,,512x512x92,0.695x0.695x5.000,0 1,5.5,0 1,1305.14,0.9996,0.0013,0.0013,0.0005,0.0116,
240722e93,0.0,0.0,,512x512x100,0.859x0.859x5.000,0 1,25.84,0 1,1419.09,0.9836,0.0001,0.0002,0.0,0.0038,
240722e94,0.0,0.0,,512x512x105,0.811x0.811x5.000,0 1,12.21,0 1,1068.91,0.9798,0.0004,0.0004,0.0,0.0273,
240722e95,0.0,0.0,,512x512x92,0.782x0.782x5.000,0 1,9.44,0 1,1252.77,0.9997,0.0003,0.0029,0.0002,0.0005,
240722e96,0.0,0.0,,512x512x98,0.703x0.703x5.000,0 1,38.14,0 1,1343.45,0.9559,0.0001,0.0001,0.0,0.0,
240722e97,0.0,0.0,,512x512x94,0.734x0.734x5.000,0 1,7.34,0 1,745.69,0.9574,0.0012,0.0012,0.0002,0.2323,misaligned_delay
240722e98,0.0,0.0,,512x512x82,0.762x0.762x5.000,0 1,1.38,0 1,1074.81,0.9705,0.0002,0.0001,0.0001,0.0,
240722e99,0.0,0.0,,512x512x99,0.789x0.789x5.000,0 1,217.43,0 1,1371.88,0.9876,0.0,0.0001,0.0001,0.0002,
