split,rule,n,Dice_vs_union,Precision,Recall,tumor_covered,n_tumor_covered_lt_0.5,min_Dice_vs_union
val,all,78,0.9523,0.9256,0.9826,0.9759,1,0.7439
val,largest,78,0.9711,0.9672,0.9761,0.9759,1,0.7003
val,size_0.05,78,0.9678,0.9562,0.9811,0.9759,1,0.764
val,size_0.1,78,0.9699,0.9601,0.9811,0.9759,1,0.764
val,size_0.2,78,0.9706,0.9614,0.9811,0.9759,1,0.764
val,near_5mm,78,0.9711,0.9672,0.9761,0.9759,1,0.7003
val,near_10mm,78,0.9707,0.9661,0.9765,0.9759,1,0.7003
val,near_20mm,78,0.9705,0.9656,0.9767,0.9759,1,0.7003
train,all,360,0.9577,0.9306,0.988,0.9803,1,0.7349
train,largest,360,0.9772,0.9709,0.9838,0.9795,1,0.8065
train,size_0.05,360,0.9728,0.9608,0.9862,0.9797,1,0.75
train,size_0.1,360,0.9744,0.9651,0.9848,0.9795,1,0.7614
train,size_0.2,360,0.975,0.9672,0.9838,0.9795,1,0.7614
train,near_5mm,360,0.9772,0.9709,0.9838,0.9795,1,0.8065
train,near_10mm,360,0.9769,0.97,0.9842,0.9797,1,0.841
train,near_20mm,360,0.9766,0.969,0.9846,0.9797,1,0.841
test,all,78,0.9494,0.9233,0.9802,0.9475,0,0.6934
test,largest,78,0.9727,0.9677,0.9781,0.9402,1,0.8813
test,size_0.05,78,0.9634,0.9513,0.9782,0.9402,1,0.7043
test,size_0.1,78,0.9661,0.9564,0.9782,0.9402,1,0.7043
test,size_0.2,78,0.9695,0.9627,0.9781,0.9402,1,0.7043
test,near_5mm,78,0.9727,0.9676,0.9781,0.9402,1,0.8813
test,near_10mm,78,0.9722,0.9667,0.9781,0.9402,1,0.8813
test,near_20mm,78,0.9718,0.9659,0.9782,0.9403,1,0.8813
